lat,lon,depth_m,dataset,source,is_gap
-25.3516,113.2713,50.20262386649847,SW Australia (Ningaloo/Rottnest),GlobalArchive / Harvey 2013,FALSE
-26.1259,113.8133,86.61766245961189,SW Australia (Ningaloo/Rottnest),GlobalArchive / Harvey 2013,FALSE
-25.7547,113.6525,41.396488174796104,SW Australia (Ningaloo/Rottnest),GlobalArchive / Harvey 2013,FALSE
-25.6469,113.26,100.84265489131212,SW Australia (Ningaloo/Rottnest),GlobalArchive / Harvey 2013,FALSE
-25.7383,114.161,67.44791895151138,SW Australia (Ningaloo/Rottnest),GlobalArchive / Harvey 2013,FALSE
-25.9424,113.0237,88.76151936128736,SW Australia (Ningaloo/Rottnest),GlobalArchive / Harvey 2013,FALSE
-25.2954,114.0663,91.82756077498198,SW Australia (Ningaloo/Rottnest),GlobalArchive / Harvey 2013,FALSE
-25.9379,113.8257,57.079197876155376,SW Australia (Ningaloo/Rottnest),GlobalArchive / Harvey 2013,FALSE
-25.0926,112.661,97.1577050536871,SW Australia (Ningaloo/Rottnest),GlobalArchive / Harvey 2013,FALSE
-25.9251,113.6281,62.41780757904053,SW Australia (Ningaloo/Rottnest),GlobalArchive / Harvey 2013,FALSE
-25.3781,113.8204,84.94981786236167,SW Australia (Ningaloo/Rottnest),GlobalArchive / Harvey 2013,FALSE
-24.9853,113.1833,69.66029593721032,SW Australia (Ningaloo/Rottnest),GlobalArchive / Harvey 2013,FALSE
-26.4555,113.4957,47.567297518253326,SW Australia (Ningaloo/Rottnest),GlobalArchive / Harvey 2013,FALSE
-26.0115,112.8506,83.29529348760843,SW Australia (Ningaloo/Rottnest),GlobalArchive / Harvey 2013,FALSE
-25.9533,113.137,84.87249566242099,SW Australia (Ningaloo/Rottnest),GlobalArchive / Harvey 2013,FALSE
-25.6456,113.5547,54.24545479938388,SW Australia (Ningaloo/Rottnest),GlobalArchive / Harvey 2013,FALSE
-26.0137,113.6085,41.21189657598734,SW Australia (Ningaloo/Rottnest),GlobalArchive / Harvey 2013,FALSE
-26.9626,113.4705,57.92418673634529,SW Australia (Ningaloo/Rottnest),GlobalArchive / Harvey 2013,FALSE
-26.8762,113.1902,90.88579807430506,SW Australia (Ningaloo/Rottnest),GlobalArchive / Harvey 2013,FALSE
-25.372,113.7375,46.502409782260656,SW Australia (Ningaloo/Rottnest),GlobalArchive / Harvey 2013,FALSE
-26.0227,114.031,64.78913092985749,SW Australia (Ningaloo/Rottnest),GlobalArchive / Harvey 2013,FALSE
-26.6125,113.2597,34.978622775524855,SW Australia (Ningaloo/Rottnest),GlobalArchive / Harvey 2013,FALSE
-25.9688,113.5226,57.37634148448706,SW Australia (Ningaloo/Rottnest),GlobalArchive / Harvey 2013,FALSE
-25.4141,113.2876,105.8544029481709,SW Australia (Ningaloo/Rottnest),GlobalArchive / Harvey 2013,FALSE
-25.1419,113.4676,88.39802609756589,SW Australia (Ningaloo/Rottnest),GlobalArchive / Harvey 2013,FALSE
-26.0722,113.5643,88.67879290133715,SW Australia (Ningaloo/Rottnest),GlobalArchive / Harvey 2013,FALSE
-26.0029,113.4591,81.09449796378613,SW Australia (Ningaloo/Rottnest),GlobalArchive / Harvey 2013,FALSE
-26.6053,113.3581,62.07636000588536,SW Australia (Ningaloo/Rottnest),GlobalArchive / Harvey 2013,FALSE
-25.716,113.3115,32.176597472280264,SW Australia (Ningaloo/Rottnest),GlobalArchive / Harvey 2013,FALSE
-26.156,113.5136,86.92815294489264,SW Australia (Ningaloo/Rottnest),GlobalArchive / Harvey 2013,FALSE
-25.7178,113.4197,31.88000399619341,SW Australia (Ningaloo/Rottnest),GlobalArchive / Harvey 2013,FALSE
-25.6181,113.2822,102.11399195715785,SW Australia (Ningaloo/Rottnest),GlobalArchive / Harvey 2013,FALSE
-25.486,113.6509,108.44271700829268,SW Australia (Ningaloo/Rottnest),GlobalArchive / Harvey 2013,FALSE
-26.1436,113.6615,40.06379220634699,SW Australia (Ningaloo/Rottnest),GlobalArchive / Harvey 2013,FALSE
-25.698,113.5681,75.91039147228003,SW Australia (Ningaloo/Rottnest),GlobalArchive / Harvey 2013,FALSE
-26.5868,113.0596,94.82008922845125,SW Australia (Ningaloo/Rottnest),GlobalArchive / Harvey 2013,FALSE
-26.2138,113.661,102.94685008004308,SW Australia (Ningaloo/Rottnest),GlobalArchive / Harvey 2013,FALSE
-26.2404,113.6703,38.9795913733542,SW Australia (Ningaloo/Rottnest),GlobalArchive / Harvey 2013,FALSE
-26.8657,113.3867,103.82065676152706,SW Australia (Ningaloo/Rottnest),GlobalArchive / Harvey 2013,FALSE
-25.8856,113.7215,85.67313592880964,SW Australia (Ningaloo/Rottnest),GlobalArchive / Harvey 2013,FALSE
-25.8176,114.0057,67.81820127740502,SW Australia (Ningaloo/Rottnest),GlobalArchive / Harvey 2013,FALSE
-26.0444,113.6311,79.54933922737837,SW Australia (Ningaloo/Rottnest),GlobalArchive / Harvey 2013,FALSE
-25.5967,113.806,37.71480234339833,SW Australia (Ningaloo/Rottnest),GlobalArchive / Harvey 2013,FALSE
-26.1907,114.013,68.83333891630173,SW Australia (Ningaloo/Rottnest),GlobalArchive / Harvey 2013,FALSE
-26.4473,114.1636,36.15407582372427,SW Australia (Ningaloo/Rottnest),GlobalArchive / Harvey 2013,FALSE
-25.7269,113.3077,37.08977872505784,SW Australia (Ningaloo/Rottnest),GlobalArchive / Harvey 2013,FALSE
-26.2246,113.3369,30.64012970775366,SW Australia (Ningaloo/Rottnest),GlobalArchive / Harvey 2013,FALSE
-25.3224,113.3684,59.8987833596766,SW Australia (Ningaloo/Rottnest),GlobalArchive / Harvey 2013,FALSE
-26.0726,113.9404,105.37383047863841,SW Australia (Ningaloo/Rottnest),GlobalArchive / Harvey 2013,FALSE
-25.6377,113.7327,84.29677486419678,SW Australia (Ningaloo/Rottnest),GlobalArchive / Harvey 2013,FALSE
-25.7712,113.8831,67.65485599637032,SW Australia (Ningaloo/Rottnest),GlobalArchive / Harvey 2013,FALSE
-26.2135,113.6206,108.2841794192791,SW Australia (Ningaloo/Rottnest),GlobalArchive / Harvey 2013,FALSE
-25.2697,113.3846,94.68619029968977,SW Australia (Ningaloo/Rottnest),GlobalArchive / Harvey 2013,FALSE
-25.6428,112.9175,40.05709895864129,SW Australia (Ningaloo/Rottnest),GlobalArchive / Harvey 2013,FALSE
-25.8641,112.8181,63.50588833913207,SW Australia (Ningaloo/Rottnest),GlobalArchive / Harvey 2013,FALSE
-25.7894,114.3045,33.76289788633585,SW Australia (Ningaloo/Rottnest),GlobalArchive / Harvey 2013,FALSE
-25.6283,113.5016,101.71041246503592,SW Australia (Ningaloo/Rottnest),GlobalArchive / Harvey 2013,FALSE
-25.8641,113.7233,41.03082912042737,SW Australia (Ningaloo/Rottnest),GlobalArchive / Harvey 2013,FALSE
-27.0972,113.7778,79.38077049329877,SW Australia (Ningaloo/Rottnest),GlobalArchive / Harvey 2013,FALSE
-25.786,114.0785,58.84316744282842,SW Australia (Ningaloo/Rottnest),GlobalArchive / Harvey 2013,FALSE
-26.0469,113.7534,79.7140633314848,SW Australia (Ningaloo/Rottnest),GlobalArchive / Harvey 2013,FALSE
-25.8259,113.5105,51.268666088581085,SW Australia (Ningaloo/Rottnest),GlobalArchive / Harvey 2013,FALSE
-25.6673,113.7972,61.40055425465107,SW Australia (Ningaloo/Rottnest),GlobalArchive / Harvey 2013,FALSE
-25.3401,113.6389,36.08480079099536,SW Australia (Ningaloo/Rottnest),GlobalArchive / Harvey 2013,FALSE
-26.1909,113.2485,67.19557011500001,SW Australia (Ningaloo/Rottnest),GlobalArchive / Harvey 2013,FALSE
-25.379,113.8834,31.984022613614798,SW Australia (Ningaloo/Rottnest),GlobalArchive / Harvey 2013,FALSE
-25.7657,113.5658,95.81968255341053,SW Australia (Ningaloo/Rottnest),GlobalArchive / Harvey 2013,FALSE
-25.4846,113.4861,106.80577306076884,SW Australia (Ningaloo/Rottnest),GlobalArchive / Harvey 2013,FALSE
-25.5317,113.1317,30.276963710784912,SW Australia (Ningaloo/Rottnest),GlobalArchive / Harvey 2013,FALSE
-25.6116,113.9592,68.87352876365185,SW Australia (Ningaloo/Rottnest),GlobalArchive / Harvey 2013,FALSE
-26.3172,113.344,45.69086316972971,SW Australia (Ningaloo/Rottnest),GlobalArchive / Harvey 2013,FALSE
-25.9361,113.4603,48.02613630890846,SW Australia (Ningaloo/Rottnest),GlobalArchive / Harvey 2013,FALSE
-25.6506,113.4888,40.78310485929251,SW Australia (Ningaloo/Rottnest),GlobalArchive / Harvey 2013,FALSE
-26.2814,113.4772,50.98401937633753,SW Australia (Ningaloo/Rottnest),GlobalArchive / Harvey 2013,FALSE
-26.1171,113.7223,57.766495030373335,SW Australia (Ningaloo/Rottnest),GlobalArchive / Harvey 2013,FALSE
-25.6676,113.8608,107.54920093342662,SW Australia (Ningaloo/Rottnest),GlobalArchive / Harvey 2013,FALSE
-25.5927,113.7146,42.590314745903015,SW Australia (Ningaloo/Rottnest),GlobalArchive / Harvey 2013,FALSE
-25.7145,112.9115,102.21427435055375,SW Australia (Ningaloo/Rottnest),GlobalArchive / Harvey 2013,FALSE
-26.2543,112.5363,90.19393190741539,SW Australia (Ningaloo/Rottnest),GlobalArchive / Harvey 2013,FALSE
-26.3399,113.354,48.79627985879779,SW Australia (Ningaloo/Rottnest),GlobalArchive / Harvey 2013,FALSE
-25.2949,113.4275,101.88463946804404,SW Australia (Ningaloo/Rottnest),GlobalArchive / Harvey 2013,FALSE
-25.7968,113.4404,104.42986061796546,SW Australia (Ningaloo/Rottnest),GlobalArchive / Harvey 2013,FALSE
-25.8646,112.9429,95.84396148100495,SW Australia (Ningaloo/Rottnest),GlobalArchive / Harvey 2013,FALSE
-25.9484,113.2283,101.99797170236707,SW Australia (Ningaloo/Rottnest),GlobalArchive / Harvey 2013,FALSE
-26.3777,112.7724,98.89227651059628,SW Australia (Ningaloo/Rottnest),GlobalArchive / Harvey 2013,FALSE
-25.6552,114.5556,83.67058649659157,SW Australia (Ningaloo/Rottnest),GlobalArchive / Harvey 2013,FALSE
-25.9869,113.7186,94.2049903422594,SW Australia (Ningaloo/Rottnest),GlobalArchive / Harvey 2013,FALSE
-25.9731,113.4975,78.27700706198812,SW Australia (Ningaloo/Rottnest),GlobalArchive / Harvey 2013,FALSE
-25.5267,112.7439,94.5450721681118,SW Australia (Ningaloo/Rottnest),GlobalArchive / Harvey 2013,FALSE
-25.5713,113.3933,30.39911923930049,SW Australia (Ningaloo/Rottnest),GlobalArchive / Harvey 2013,FALSE
-25.3432,113.8282,42.99232063814998,SW Australia (Ningaloo/Rottnest),GlobalArchive / Harvey 2013,FALSE
-26.0905,113.8113,68.81250932812691,SW Australia (Ningaloo/Rottnest),GlobalArchive / Harvey 2013,FALSE
-25.6399,113.6816,32.95545056462288,SW Australia (Ningaloo/Rottnest),GlobalArchive / Harvey 2013,FALSE
-25.3436,114.064,38.79770711064339,SW Australia (Ningaloo/Rottnest),GlobalArchive / Harvey 2013,FALSE
-26.3443,112.7756,108.72833084315062,SW Australia (Ningaloo/Rottnest),GlobalArchive / Harvey 2013,FALSE
-26.2443,113.059,53.82093073800206,SW Australia (Ningaloo/Rottnest),GlobalArchive / Harvey 2013,FALSE
-26.3527,113.4923,51.70520022511482,SW Australia (Ningaloo/Rottnest),GlobalArchive / Harvey 2013,FALSE
-26.4837,113.5597,86.81085938587785,SW Australia (Ningaloo/Rottnest),GlobalArchive / Harvey 2013,FALSE
-25.868,113.287,106.29801277071238,SW Australia (Ningaloo/Rottnest),GlobalArchive / Harvey 2013,FALSE
-25.6387,113.9791,33.17540107294917,SW Australia (Ningaloo/Rottnest),GlobalArchive / Harvey 2013,FALSE
-25.4196,112.683,34.20942448079586,SW Australia (Ningaloo/Rottnest),GlobalArchive / Harvey 2013,FALSE
-25.4821,113.0943,55.448946580290794,SW Australia (Ningaloo/Rottnest),GlobalArchive / Harvey 2013,FALSE
-26.3013,114.1416,65.04777619615197,SW Australia (Ningaloo/Rottnest),GlobalArchive / Harvey 2013,FALSE
-25.1606,113.8569,43.22893610224128,SW Australia (Ningaloo/Rottnest),GlobalArchive / Harvey 2013,FALSE
-26.1667,112.8929,65.85677368566394,SW Australia (Ningaloo/Rottnest),GlobalArchive / Harvey 2013,FALSE
-25.8578,113.8294,38.48500223830342,SW Australia (Ningaloo/Rottnest),GlobalArchive / Harvey 2013,FALSE
-26.0689,113.6462,75.33523438498378,SW Australia (Ningaloo/Rottnest),GlobalArchive / Harvey 2013,FALSE
-25.9489,112.9676,53.98969490081072,SW Australia (Ningaloo/Rottnest),GlobalArchive / Harvey 2013,FALSE
-25.8247,113.6438,43.60250746831298,SW Australia (Ningaloo/Rottnest),GlobalArchive / Harvey 2013,FALSE
-25.8523,113.8572,102.12493097409606,SW Australia (Ningaloo/Rottnest),GlobalArchive / Harvey 2013,FALSE
-25.91,113.102,59.97825471684337,SW Australia (Ningaloo/Rottnest),GlobalArchive / Harvey 2013,FALSE
-25.8568,113.7079,93.01437268033624,SW Australia (Ningaloo/Rottnest),GlobalArchive / Harvey 2013,FALSE
-26.0942,113.0057,93.3019371330738,SW Australia (Ningaloo/Rottnest),GlobalArchive / Harvey 2013,FALSE
-26.1017,113.7119,36.68153330683708,SW Australia (Ningaloo/Rottnest),GlobalArchive / Harvey 2013,FALSE
-26.5644,113.1068,68.16417613998055,SW Australia (Ningaloo/Rottnest),GlobalArchive / Harvey 2013,FALSE
-26.0529,113.3497,87.49712301418185,SW Australia (Ningaloo/Rottnest),GlobalArchive / Harvey 2013,FALSE
-26.1051,113.0833,52.793968711048365,SW Australia (Ningaloo/Rottnest),GlobalArchive / Harvey 2013,FALSE
-24.8192,113.7791,42.03793600201607,SW Australia (Ningaloo/Rottnest),GlobalArchive / Harvey 2013,FALSE
-26.4448,113.4422,55.70556057617068,SW Australia (Ningaloo/Rottnest),GlobalArchive / Harvey 2013,FALSE
-25.8451,113.6994,79.25442066043615,SW Australia (Ningaloo/Rottnest),GlobalArchive / Harvey 2013,FALSE
-26.4975,113.7469,109.49797037988901,SW Australia (Ningaloo/Rottnest),GlobalArchive / Harvey 2013,FALSE
-26.4882,113.4982,72.2205506451428,SW Australia (Ningaloo/Rottnest),GlobalArchive / Harvey 2013,FALSE
-25.8501,113.4635,49.821200389415026,SW Australia (Ningaloo/Rottnest),GlobalArchive / Harvey 2013,FALSE
-26.2987,113.66,79.78527192026377,SW Australia (Ningaloo/Rottnest),GlobalArchive / Harvey 2013,FALSE
-25.9007,113.7356,89.08771518617868,SW Australia (Ningaloo/Rottnest),GlobalArchive / Harvey 2013,FALSE
-26.0713,113.4932,71.18394400924444,SW Australia (Ningaloo/Rottnest),GlobalArchive / Harvey 2013,FALSE
-26.1455,113.6675,102.02553914859891,SW Australia (Ningaloo/Rottnest),GlobalArchive / Harvey 2013,FALSE
-26.7099,113.8203,85.93984678387642,SW Australia (Ningaloo/Rottnest),GlobalArchive / Harvey 2013,FALSE
-26.3899,113.772,41.39943270012736,SW Australia (Ningaloo/Rottnest),GlobalArchive / Harvey 2013,FALSE
-25.8282,114.0239,74.81434803456068,SW Australia (Ningaloo/Rottnest),GlobalArchive / Harvey 2013,FALSE
-25.673,112.7435,58.56673238798976,SW Australia (Ningaloo/Rottnest),GlobalArchive / Harvey 2013,FALSE
-26.0972,113.638,90.97941905260086,SW Australia (Ningaloo/Rottnest),GlobalArchive / Harvey 2013,FALSE
-25.9,113.5619,82.87419743835926,SW Australia (Ningaloo/Rottnest),GlobalArchive / Harvey 2013,FALSE
-25.4508,113.1934,76.4536507986486,SW Australia (Ningaloo/Rottnest),GlobalArchive / Harvey 2013,FALSE
-25.3241,113.1988,101.02709256112576,SW Australia (Ningaloo/Rottnest),GlobalArchive / Harvey 2013,FALSE
-26.3388,113.7097,102.0490724593401,SW Australia (Ningaloo/Rottnest),GlobalArchive / Harvey 2013,FALSE
-25.9469,113.3578,99.77619787678123,SW Australia (Ningaloo/Rottnest),GlobalArchive / Harvey 2013,FALSE
-25.4194,113.3959,68.06985177099705,SW Australia (Ningaloo/Rottnest),GlobalArchive / Harvey 2013,FALSE
-26.0879,113.7029,67.87000056356192,SW Australia (Ningaloo/Rottnest),GlobalArchive / Harvey 2013,FALSE
-25.921,113.9573,45.71306448429823,SW Australia (Ningaloo/Rottnest),GlobalArchive / Harvey 2013,FALSE
-25.9344,114.3267,81.37374548241496,SW Australia (Ningaloo/Rottnest),GlobalArchive / Harvey 2013,FALSE
-26.2551,113.8079,57.52848461270332,SW Australia (Ningaloo/Rottnest),GlobalArchive / Harvey 2013,FALSE
-26.0779,114.3008,76.17529712617397,SW Australia (Ningaloo/Rottnest),GlobalArchive / Harvey 2013,FALSE
-25.9118,114.0086,65.60546331107616,SW Australia (Ningaloo/Rottnest),GlobalArchive / Harvey 2013,FALSE
-26.0655,113.6334,78.35766481235623,SW Australia (Ningaloo/Rottnest),GlobalArchive / Harvey 2013,FALSE
-25.4546,113.6016,36.378552839159966,SW Australia (Ningaloo/Rottnest),GlobalArchive / Harvey 2013,FALSE
-26.0924,114.2724,63.99886639788747,SW Australia (Ningaloo/Rottnest),GlobalArchive / Harvey 2013,FALSE
-26.0733,113.0948,34.377913400530815,SW Australia (Ningaloo/Rottnest),GlobalArchive / Harvey 2013,FALSE
-25.6213,113.5258,32.529457211494446,SW Australia (Ningaloo/Rottnest),GlobalArchive / Harvey 2013,FALSE
-26.3225,113.5769,46.172740925103426,SW Australia (Ningaloo/Rottnest),GlobalArchive / Harvey 2013,FALSE
-25.9163,112.564,61.41077911481261,SW Australia (Ningaloo/Rottnest),GlobalArchive / Harvey 2013,FALSE
-26.5206,113.3593,88.09073623269796,SW Australia (Ningaloo/Rottnest),GlobalArchive / Harvey 2013,FALSE
-25.4331,113.6386,79.06820559874177,SW Australia (Ningaloo/Rottnest),GlobalArchive / Harvey 2013,FALSE
-26.0095,112.3684,108.46893016248941,SW Australia (Ningaloo/Rottnest),GlobalArchive / Harvey 2013,FALSE
-26.0871,113.6471,81.88537660986185,SW Australia (Ningaloo/Rottnest),GlobalArchive / Harvey 2013,FALSE
-26.3953,113.3858,62.45365206152201,SW Australia (Ningaloo/Rottnest),GlobalArchive / Harvey 2013,FALSE
-25.9031,113.6771,69.0503535605967,SW Australia (Ningaloo/Rottnest),GlobalArchive / Harvey 2013,FALSE
-26.2201,113.7871,38.17566502839327,SW Australia (Ningaloo/Rottnest),GlobalArchive / Harvey 2013,FALSE
-26.1134,114.0696,82.69290667027235,SW Australia (Ningaloo/Rottnest),GlobalArchive / Harvey 2013,FALSE
-25.3849,112.8258,51.340819019824266,SW Australia (Ningaloo/Rottnest),GlobalArchive / Harvey 2013,FALSE
-25.9702,113.5167,62.236964609473944,SW Australia (Ningaloo/Rottnest),GlobalArchive / Harvey 2013,FALSE
-26.3287,113.2468,61.086273454129696,SW Australia (Ningaloo/Rottnest),GlobalArchive / Harvey 2013,FALSE
-25.8347,113.512,33.346267733722925,SW Australia (Ningaloo/Rottnest),GlobalArchive / Harvey 2013,FALSE
-26.0451,113.4483,100.9891003370285,SW Australia (Ningaloo/Rottnest),GlobalArchive / Harvey 2013,FALSE
-25.664,113.0296,64.055952206254,SW Australia (Ningaloo/Rottnest),GlobalArchive / Harvey 2013,FALSE
-25.327,112.7773,59.93633424863219,SW Australia (Ningaloo/Rottnest),GlobalArchive / Harvey 2013,FALSE
-26.2971,114.3481,65.85885683074594,SW Australia (Ningaloo/Rottnest),GlobalArchive / Harvey 2013,FALSE
-25.7181,112.9702,49.773714151233435,SW Australia (Ningaloo/Rottnest),GlobalArchive / Harvey 2013,FALSE
-25.866,113.61,30.697188302874565,SW Australia (Ningaloo/Rottnest),GlobalArchive / Harvey 2013,FALSE
-25.5418,113.0565,59.311512894928455,SW Australia (Ningaloo/Rottnest),GlobalArchive / Harvey 2013,FALSE
-25.9919,114.1031,95.53544573485851,SW Australia (Ningaloo/Rottnest),GlobalArchive / Harvey 2013,FALSE
-25.5654,112.7931,70.37969494238496,SW Australia (Ningaloo/Rottnest),GlobalArchive / Harvey 2013,FALSE
-26.598,113.1446,40.7643736153841,SW Australia (Ningaloo/Rottnest),GlobalArchive / Harvey 2013,FALSE
-25.2242,113.0124,109.9226657487452,SW Australia (Ningaloo/Rottnest),GlobalArchive / Harvey 2013,FALSE
-25.5541,113.5201,88.39160153642297,SW Australia (Ningaloo/Rottnest),GlobalArchive / Harvey 2013,FALSE
-25.9603,113.3037,105.66557476297021,SW Australia (Ningaloo/Rottnest),GlobalArchive / Harvey 2013,FALSE
-26.4796,114.454,77.65820283442736,SW Australia (Ningaloo/Rottnest),GlobalArchive / Harvey 2013,FALSE
-25.6428,113.4982,86.90051775425673,SW Australia (Ningaloo/Rottnest),GlobalArchive / Harvey 2013,FALSE
-25.7067,114.0327,43.254378493875265,SW Australia (Ningaloo/Rottnest),GlobalArchive / Harvey 2013,FALSE
-25.9025,113.8283,105.83160920068622,SW Australia (Ningaloo/Rottnest),GlobalArchive / Harvey 2013,FALSE
-25.8394,113.7743,77.64452690258622,SW Australia (Ningaloo/Rottnest),GlobalArchive / Harvey 2013,FALSE
-26.1336,113.7064,38.56022106483579,SW Australia (Ningaloo/Rottnest),GlobalArchive / Harvey 2013,FALSE
-25.7525,113.6095,101.91881900653243,SW Australia (Ningaloo/Rottnest),GlobalArchive / Harvey 2013,FALSE
-25.7821,113.2147,37.78055604547262,SW Australia (Ningaloo/Rottnest),GlobalArchive / Harvey 2013,FALSE
-26.0117,113.3628,75.83255048841238,SW Australia (Ningaloo/Rottnest),GlobalArchive / Harvey 2013,FALSE
-26.4345,113.6876,99.83984088525176,SW Australia (Ningaloo/Rottnest),GlobalArchive / Harvey 2013,FALSE
-25.6197,112.5097,60.92565894126892,SW Australia (Ningaloo/Rottnest),GlobalArchive / Harvey 2013,FALSE
-25.6783,112.7578,80.7261067442596,SW Australia (Ningaloo/Rottnest),GlobalArchive / Harvey 2013,FALSE
-26.2345,113.3318,71.27243403345346,SW Australia (Ningaloo/Rottnest),GlobalArchive / Harvey 2013,FALSE
-26.5378,112.7536,101.6100187599659,SW Australia (Ningaloo/Rottnest),GlobalArchive / Harvey 2013,FALSE
-25.818,113.5454,60.069783832877874,SW Australia (Ningaloo/Rottnest),GlobalArchive / Harvey 2013,FALSE
-26.038,113.688,73.23518857359886,SW Australia (Ningaloo/Rottnest),GlobalArchive / Harvey 2013,FALSE
-25.799,113.8538,34.517091661691666,SW Australia (Ningaloo/Rottnest),GlobalArchive / Harvey 2013,FALSE
-26.4176,113.9454,33.73688988387585,SW Australia (Ningaloo/Rottnest),GlobalArchive / Harvey 2013,FALSE
-26.2837,113.7267,75.11090572923422,SW Australia (Ningaloo/Rottnest),GlobalArchive / Harvey 2013,FALSE
-25.4657,113.7184,47.345889788120985,SW Australia (Ningaloo/Rottnest),GlobalArchive / Harvey 2013,FALSE
-25.7385,113.5959,44.21454994007945,SW Australia (Ningaloo/Rottnest),GlobalArchive / Harvey 2013,FALSE
-25.6654,113.5137,107.1211389824748,SW Australia (Ningaloo/Rottnest),GlobalArchive / Harvey 2013,FALSE
-25.1739,113.1768,34.59280051290989,SW Australia (Ningaloo/Rottnest),GlobalArchive / Harvey 2013,FALSE
-25.8485,114.3911,34.49256679043174,SW Australia (Ningaloo/Rottnest),GlobalArchive / Harvey 2013,FALSE
-26.7004,113.183,32.075093276798725,SW Australia (Ningaloo/Rottnest),GlobalArchive / Harvey 2013,FALSE
-25.7665,114.1789,59.97967880219221,SW Australia (Ningaloo/Rottnest),GlobalArchive / Harvey 2013,FALSE
-25.4315,113.8756,58.19631548598409,SW Australia (Ningaloo/Rottnest),GlobalArchive / Harvey 2013,FALSE
-25.0762,114.3141,76.82570995762944,SW Australia (Ningaloo/Rottnest),GlobalArchive / Harvey 2013,FALSE
-26.4507,113.7927,88.96638095378876,SW Australia (Ningaloo/Rottnest),GlobalArchive / Harvey 2013,FALSE
-26.3603,113.3321,61.725096963346004,SW Australia (Ningaloo/Rottnest),GlobalArchive / Harvey 2013,FALSE
-26.1823,113.3761,35.13224458321929,SW Australia (Ningaloo/Rottnest),GlobalArchive / Harvey 2013,FALSE
-26.3216,112.9557,86.74243645742536,SW Australia (Ningaloo/Rottnest),GlobalArchive / Harvey 2013,FALSE
-26.1583,113.9151,48.45839161425829,SW Australia (Ningaloo/Rottnest),GlobalArchive / Harvey 2013,FALSE
-25.9742,113.5185,104.08306391909719,SW Australia (Ningaloo/Rottnest),GlobalArchive / Harvey 2013,FALSE
-26.3805,113.4769,83.83152849972248,SW Australia (Ningaloo/Rottnest),GlobalArchive / Harvey 2013,FALSE
-25.0852,113.5307,82.93814033269882,SW Australia (Ningaloo/Rottnest),GlobalArchive / Harvey 2013,FALSE
-25.8569,113.2465,37.911485731601715,SW Australia (Ningaloo/Rottnest),GlobalArchive / Harvey 2013,FALSE
-25.9336,113.3306,70.69554539397359,SW Australia (Ningaloo/Rottnest),GlobalArchive / Harvey 2013,FALSE
-25.7018,113.8107,104.70151914283633,SW Australia (Ningaloo/Rottnest),GlobalArchive / Harvey 2013,FALSE
-25.885,114.0244,58.85047297924757,SW Australia (Ningaloo/Rottnest),GlobalArchive / Harvey 2013,FALSE
-25.9528,113.5233,46.64225758984685,SW Australia (Ningaloo/Rottnest),GlobalArchive / Harvey 2013,FALSE
-25.3093,113.5982,37.04088827595115,SW Australia (Ningaloo/Rottnest),GlobalArchive / Harvey 2013,FALSE
-25.9868,113.5929,55.58013701811433,SW Australia (Ningaloo/Rottnest),GlobalArchive / Harvey 2013,FALSE
-26.4134,113.5755,71.50814717635512,SW Australia (Ningaloo/Rottnest),GlobalArchive / Harvey 2013,FALSE
-25.7457,113.4033,100.90216353535652,SW Australia (Ningaloo/Rottnest),GlobalArchive / Harvey 2013,FALSE
-26.0406,113.7289,80.63954008743167,SW Australia (Ningaloo/Rottnest),GlobalArchive / Harvey 2013,FALSE
-26.1087,113.7823,86.48651311174035,SW Australia (Ningaloo/Rottnest),GlobalArchive / Harvey 2013,FALSE
-26.3273,113.582,72.02658239752054,SW Australia (Ningaloo/Rottnest),GlobalArchive / Harvey 2013,FALSE
-25.7287,113.7208,94.30953934788704,SW Australia (Ningaloo/Rottnest),GlobalArchive / Harvey 2013,FALSE
-25.9696,113.2725,64.02792872861028,SW Australia (Ningaloo/Rottnest),GlobalArchive / Harvey 2013,FALSE
-25.6937,113.5771,40.00901039689779,SW Australia (Ningaloo/Rottnest),GlobalArchive / Harvey 2013,FALSE
-25.9937,113.7485,35.31971713528037,SW Australia (Ningaloo/Rottnest),GlobalArchive / Harvey 2013,FALSE
-26.1634,113.4571,98.49519001320004,SW Australia (Ningaloo/Rottnest),GlobalArchive / Harvey 2013,FALSE
-25.3999,113.4504,71.30023878067732,SW Australia (Ningaloo/Rottnest),GlobalArchive / Harvey 2013,FALSE
-26.0087,113.314,69.75585915148258,SW Australia (Ningaloo/Rottnest),GlobalArchive / Harvey 2013,FALSE
-25.5208,113.7294,109.49079329147935,SW Australia (Ningaloo/Rottnest),GlobalArchive / Harvey 2013,FALSE
-26.3806,113.602,84.83286138623953,SW Australia (Ningaloo/Rottnest),GlobalArchive / Harvey 2013,FALSE
-26.0864,114.5689,87.3926654085517,SW Australia (Ningaloo/Rottnest),GlobalArchive / Harvey 2013,FALSE
-26.0077,113.4462,70.81841051578522,SW Australia (Ningaloo/Rottnest),GlobalArchive / Harvey 2013,FALSE
-26.0564,113.5446,37.29132095351815,SW Australia (Ningaloo/Rottnest),GlobalArchive / Harvey 2013,FALSE
-25.3605,113.096,64.35326082631946,SW Australia (Ningaloo/Rottnest),GlobalArchive / Harvey 2013,FALSE
-25.9091,113.8552,81.26887682825327,SW Australia (Ningaloo/Rottnest),GlobalArchive / Harvey 2013,FALSE
-25.8023,113.3771,108.62375944852829,SW Australia (Ningaloo/Rottnest),GlobalArchive / Harvey 2013,FALSE
-26.2769,113.5533,90.91708827763796,SW Australia (Ningaloo/Rottnest),GlobalArchive / Harvey 2013,FALSE
-26.1917,113.8781,37.18022629618645,SW Australia (Ningaloo/Rottnest),GlobalArchive / Harvey 2013,FALSE
-25.5008,114.1103,101.47883627563715,SW Australia (Ningaloo/Rottnest),GlobalArchive / Harvey 2013,FALSE
-25.3966,113.401,103.88173511251807,SW Australia (Ningaloo/Rottnest),GlobalArchive / Harvey 2013,FALSE
-25.4005,113.3574,42.74290418252349,SW Australia (Ningaloo/Rottnest),GlobalArchive / Harvey 2013,FALSE
-26.4523,113.5832,59.44754282012582,SW Australia (Ningaloo/Rottnest),GlobalArchive / Harvey 2013,FALSE
-25.08,113.9837,58.744770754128695,SW Australia (Ningaloo/Rottnest),GlobalArchive / Harvey 2013,FALSE
-25.4933,113.5466,48.41893861070275,SW Australia (Ningaloo/Rottnest),GlobalArchive / Harvey 2013,FALSE
-25.9107,113.5768,95.97923180088401,SW Australia (Ningaloo/Rottnest),GlobalArchive / Harvey 2013,FALSE
-25.6186,113.8146,90.45079737901688,SW Australia (Ningaloo/Rottnest),GlobalArchive / Harvey 2013,FALSE
-26.2886,113.7959,54.04029665514827,SW Australia (Ningaloo/Rottnest),GlobalArchive / Harvey 2013,FALSE
-26.3385,113.9347,57.19860577955842,SW Australia (Ningaloo/Rottnest),GlobalArchive / Harvey 2013,FALSE
-25.8804,112.7189,32.863564379513264,SW Australia (Ningaloo/Rottnest),GlobalArchive / Harvey 2013,FALSE
-26.3794,113.027,95.54230662062764,SW Australia (Ningaloo/Rottnest),GlobalArchive / Harvey 2013,FALSE
-25.824,113.0277,70.76726127415895,SW Australia (Ningaloo/Rottnest),GlobalArchive / Harvey 2013,FALSE
-25.3809,113.6508,43.519026562571526,SW Australia (Ningaloo/Rottnest),GlobalArchive / Harvey 2013,FALSE
-26.3135,112.9573,77.80543694272637,SW Australia (Ningaloo/Rottnest),GlobalArchive / Harvey 2013,FALSE
-26.1954,113.4086,41.34943215176463,SW Australia (Ningaloo/Rottnest),GlobalArchive / Harvey 2013,FALSE
-25.8814,113.6693,41.69156078249216,SW Australia (Ningaloo/Rottnest),GlobalArchive / Harvey 2013,FALSE
-26.307,114.2764,101.87963964417577,SW Australia (Ningaloo/Rottnest),GlobalArchive / Harvey 2013,FALSE
-26.0533,113.4036,43.67908976972103,SW Australia (Ningaloo/Rottnest),GlobalArchive / Harvey 2013,FALSE
-25.5509,113.4916,91.64962476119399,SW Australia (Ningaloo/Rottnest),GlobalArchive / Harvey 2013,FALSE
-25.5122,113.5943,72.18199139460921,SW Australia (Ningaloo/Rottnest),GlobalArchive / Harvey 2013,FALSE
-25.7465,113.2619,64.67241888865829,SW Australia (Ningaloo/Rottnest),GlobalArchive / Harvey 2013,FALSE
-26.6406,112.2202,75.78881023451686,SW Australia (Ningaloo/Rottnest),GlobalArchive / Harvey 2013,FALSE
-25.9216,114.1045,85.42304869741201,SW Australia (Ningaloo/Rottnest),GlobalArchive / Harvey 2013,FALSE
-25.4741,113.3626,75.14958385378122,SW Australia (Ningaloo/Rottnest),GlobalArchive / Harvey 2013,FALSE
-25.5747,113.2132,71.73909900709987,SW Australia (Ningaloo/Rottnest),GlobalArchive / Harvey 2013,FALSE
-25.9763,113.6152,38.664968870580196,SW Australia (Ningaloo/Rottnest),GlobalArchive / Harvey 2013,FALSE
-26.98,113.253,72.45119206607342,SW Australia (Ningaloo/Rottnest),GlobalArchive / Harvey 2013,FALSE
-25.8756,113.8681,42.85736758261919,SW Australia (Ningaloo/Rottnest),GlobalArchive / Harvey 2013,FALSE
-25.6705,113.3184,55.03732834011316,SW Australia (Ningaloo/Rottnest),GlobalArchive / Harvey 2013,FALSE
-25.8817,113.8423,64.32167353108525,SW Australia (Ningaloo/Rottnest),GlobalArchive / Harvey 2013,FALSE
-25.837,113.4066,78.51090898737311,SW Australia (Ningaloo/Rottnest),GlobalArchive / Harvey 2013,FALSE
-25.7274,113.1087,84.54508241266012,SW Australia (Ningaloo/Rottnest),GlobalArchive / Harvey 2013,FALSE
-26.0586,113.7949,66.18560602888465,SW Australia (Ningaloo/Rottnest),GlobalArchive / Harvey 2013,FALSE
-25.376,114.4766,96.3981986604631,SW Australia (Ningaloo/Rottnest),GlobalArchive / Harvey 2013,FALSE
-25.7118,113.103,101.93237714469433,SW Australia (Ningaloo/Rottnest),GlobalArchive / Harvey 2013,FALSE
-26.3971,113.3237,56.15318186581135,SW Australia (Ningaloo/Rottnest),GlobalArchive / Harvey 2013,FALSE
-25.3474,113.0322,33.68928311392665,SW Australia (Ningaloo/Rottnest),GlobalArchive / Harvey 2013,FALSE
-25.4182,114.1368,103.50455015897751,SW Australia (Ningaloo/Rottnest),GlobalArchive / Harvey 2013,FALSE
-25.5704,113.5509,89.6508153155446,SW Australia (Ningaloo/Rottnest),GlobalArchive / Harvey 2013,FALSE
-26.5651,112.5692,62.893451042473316,SW Australia (Ningaloo/Rottnest),GlobalArchive / Harvey 2013,FALSE
-26.1277,112.6213,53.05784601718187,SW Australia (Ningaloo/Rottnest),GlobalArchive / Harvey 2013,FALSE
-25.6458,113.8757,88.63182134926319,SW Australia (Ningaloo/Rottnest),GlobalArchive / Harvey 2013,FALSE
-25.8825,113.6197,53.397277407348156,SW Australia (Ningaloo/Rottnest),GlobalArchive / Harvey 2013,FALSE
-25.7608,112.704,64.43398423492908,SW Australia (Ningaloo/Rottnest),GlobalArchive / Harvey 2013,FALSE
-24.9162,113.0183,68.39994536712766,SW Australia (Ningaloo/Rottnest),GlobalArchive / Harvey 2013,FALSE
-26.2274,113.6593,106.63011334836483,SW Australia (Ningaloo/Rottnest),GlobalArchive / Harvey 2013,FALSE
-26.7453,113.5179,103.42196598649025,SW Australia (Ningaloo/Rottnest),GlobalArchive / Harvey 2013,FALSE
-25.7905,112.7535,105.94036974012852,SW Australia (Ningaloo/Rottnest),GlobalArchive / Harvey 2013,FALSE
-26.175,113.801,36.168110482394695,SW Australia (Ningaloo/Rottnest),GlobalArchive / Harvey 2013,FALSE
-25.7216,113.3297,72.3508782684803,SW Australia (Ningaloo/Rottnest),GlobalArchive / Harvey 2013,FALSE
-26.225,113.9977,44.56167880445719,SW Australia (Ningaloo/Rottnest),GlobalArchive / Harvey 2013,FALSE
-25.0152,113.6801,105.40216699242592,SW Australia (Ningaloo/Rottnest),GlobalArchive / Harvey 2013,FALSE
-25.9495,113.9731,62.997317891567945,SW Australia (Ningaloo/Rottnest),GlobalArchive / Harvey 2013,FALSE
-26.0909,112.7144,35.83029160276055,SW Australia (Ningaloo/Rottnest),GlobalArchive / Harvey 2013,FALSE
-25.9665,113.7986,75.48451438546181,SW Australia (Ningaloo/Rottnest),GlobalArchive / Harvey 2013,FALSE
-25.555,113.9205,109.65518644079566,SW Australia (Ningaloo/Rottnest),GlobalArchive / Harvey 2013,FALSE
-25.8611,113.7097,76.13533113151789,SW Australia (Ningaloo/Rottnest),GlobalArchive / Harvey 2013,FALSE
-26.5502,113.0538,30.03879189491272,SW Australia (Ningaloo/Rottnest),GlobalArchive / Harvey 2013,FALSE
-25.9018,113.4809,108.04051373153925,SW Australia (Ningaloo/Rottnest),GlobalArchive / Harvey 2013,FALSE
-25.5959,112.7332,98.7698020413518,SW Australia (Ningaloo/Rottnest),GlobalArchive / Harvey 2013,FALSE
-25.8844,113.2713,77.14607983827591,SW Australia (Ningaloo/Rottnest),GlobalArchive / Harvey 2013,FALSE
-25.606,113.2007,53.62104604020715,SW Australia (Ningaloo/Rottnest),GlobalArchive / Harvey 2013,FALSE
-25.9586,113.6381,67.79366111382842,SW Australia (Ningaloo/Rottnest),GlobalArchive / Harvey 2013,FALSE
-25.9232,114.3656,97.8103768080473,SW Australia (Ningaloo/Rottnest),GlobalArchive / Harvey 2013,FALSE
-25.7071,113.6347,75.69719657301903,SW Australia (Ningaloo/Rottnest),GlobalArchive / Harvey 2013,FALSE
-25.5028,113.3329,90.27251986786723,SW Australia (Ningaloo/Rottnest),GlobalArchive / Harvey 2013,FALSE
-26.3986,113.8695,44.74459655582905,SW Australia (Ningaloo/Rottnest),GlobalArchive / Harvey 2013,FALSE
-25.9134,113.8067,55.328149534761906,SW Australia (Ningaloo/Rottnest),GlobalArchive / Harvey 2013,FALSE
-25.9284,113.5995,91.55372617766261,SW Australia (Ningaloo/Rottnest),GlobalArchive / Harvey 2013,FALSE
-26.2036,113.2371,104.70985788851976,SW Australia (Ningaloo/Rottnest),GlobalArchive / Harvey 2013,FALSE
-36.9137,150.7332,43.68361657485366,SE Australia (SE shelf),GlobalArchive / RLS,FALSE
-36.7523,150.7763,78.13148443121463,SE Australia (SE shelf),GlobalArchive / RLS,FALSE
-36.2653,150.6167,40.59555892366916,SE Australia (SE shelf),GlobalArchive / RLS,FALSE
-36.6665,151.2692,34.42372472025454,SE Australia (SE shelf),GlobalArchive / RLS,FALSE
-36.814,151.4225,69.96658117510378,SE Australia (SE shelf),GlobalArchive / RLS,FALSE
-36.4346,150.1043,75.78290722332895,SE Australia (SE shelf),GlobalArchive / RLS,FALSE
-36.9947,150.6606,72.74522175081074,SE Australia (SE shelf),GlobalArchive / RLS,FALSE
-36.0817,150.007,51.18485554587096,SE Australia (SE shelf),GlobalArchive / RLS,FALSE
-36.6938,150.2821,33.44276730436832,SE Australia (SE shelf),GlobalArchive / RLS,FALSE
-36.4243,150.3262,80.37442542146891,SE Australia (SE shelf),GlobalArchive / RLS,FALSE
-36.4796,150.4437,84.63575990404934,SE Australia (SE shelf),GlobalArchive / RLS,FALSE
-36.5001,151.2033,48.22618271224201,SE Australia (SE shelf),GlobalArchive / RLS,FALSE
-35.7762,150.1679,31.290169092826545,SE Australia (SE shelf),GlobalArchive / RLS,FALSE
-36.8301,150.7058,65.72116824332625,SE Australia (SE shelf),GlobalArchive / RLS,FALSE
-36.0418,150.8149,80.72680582758039,SE Australia (SE shelf),GlobalArchive / RLS,FALSE
-36.4874,150.5968,54.18421633075923,SE Australia (SE shelf),GlobalArchive / RLS,FALSE
-36.8341,150.724,61.594808720983565,SE Australia (SE shelf),GlobalArchive / RLS,FALSE
-36.5275,150.2398,36.43749233800918,SE Australia (SE shelf),GlobalArchive / RLS,FALSE
-36.2013,150.3166,82.8239671094343,SE Australia (SE shelf),GlobalArchive / RLS,FALSE
-36.6702,150.2278,63.942749882116914,SE Australia (SE shelf),GlobalArchive / RLS,FALSE
-36.8088,149.623,72.98456483054906,SE Australia (SE shelf),GlobalArchive / RLS,FALSE
-36.4389,150.7504,44.22732621431351,SE Australia (SE shelf),GlobalArchive / RLS,FALSE
-36.1046,150.3338,85.82654285710305,SE Australia (SE shelf),GlobalArchive / RLS,FALSE
-36.5294,150.4295,87.83398701343685,SE Australia (SE shelf),GlobalArchive / RLS,FALSE
-37.0548,150.7661,59.97388493735343,SE Australia (SE shelf),GlobalArchive / RLS,FALSE
-37.0227,150.52,76.14797104150057,SE Australia (SE shelf),GlobalArchive / RLS,FALSE
-36.8074,150.4554,78.22274618782103,SE Australia (SE shelf),GlobalArchive / RLS,FALSE
-36.7108,150.2883,35.142905353568494,SE Australia (SE shelf),GlobalArchive / RLS,FALSE
-36.5086,151.1463,38.07973746210337,SE Australia (SE shelf),GlobalArchive / RLS,FALSE
-36.2318,150.5558,35.297075221315026,SE Australia (SE shelf),GlobalArchive / RLS,FALSE
-36.6738,150.5478,57.41520838346332,SE Australia (SE shelf),GlobalArchive / RLS,FALSE
-36.9456,150.8919,57.55373808089644,SE Australia (SE shelf),GlobalArchive / RLS,FALSE
-36.2572,150.6518,85.23466591257602,SE Australia (SE shelf),GlobalArchive / RLS,FALSE
-36.3898,150.1479,53.490969222038984,SE Australia (SE shelf),GlobalArchive / RLS,FALSE
-36.0371,150.3374,75.63279475551099,SE Australia (SE shelf),GlobalArchive / RLS,FALSE
-37.173,150.1891,48.96614800672978,SE Australia (SE shelf),GlobalArchive / RLS,FALSE
-36.4651,149.8266,34.088808512315154,SE Australia (SE shelf),GlobalArchive / RLS,FALSE
-35.9587,150.4332,43.76621760427952,SE Australia (SE shelf),GlobalArchive / RLS,FALSE
-36.2103,150.7376,46.44296490121633,SE Australia (SE shelf),GlobalArchive / RLS,FALSE
-36.833,150.2927,69.40903946757317,SE Australia (SE shelf),GlobalArchive / RLS,FALSE
-36.207,150.6765,63.055242695845664,SE Australia (SE shelf),GlobalArchive / RLS,FALSE
-36.8488,150.8022,73.69358503259718,SE Australia (SE shelf),GlobalArchive / RLS,FALSE
-36.6814,150.4548,41.545811500400305,SE Australia (SE shelf),GlobalArchive / RLS,FALSE
-36.025,150.3101,34.6673415787518,SE Australia (SE shelf),GlobalArchive / RLS,FALSE
-36.6161,150.2192,43.22952857706696,SE Australia (SE shelf),GlobalArchive / RLS,FALSE
-36.1686,150.3883,55.56712416931987,SE Australia (SE shelf),GlobalArchive / RLS,FALSE
-36.6165,151.1257,87.28994757402688,SE Australia (SE shelf),GlobalArchive / RLS,FALSE
-37.1305,150.5364,67.81631872057915,SE Australia (SE shelf),GlobalArchive / RLS,FALSE
-36.8395,150.3151,38.488093544729054,SE Australia (SE shelf),GlobalArchive / RLS,FALSE
-36.9354,150.3198,88.35866075009108,SE Australia (SE shelf),GlobalArchive / RLS,FALSE
-36.6937,150.5292,65.17617349047214,SE Australia (SE shelf),GlobalArchive / RLS,FALSE
-36.6345,150.5525,76.0322896996513,SE Australia (SE shelf),GlobalArchive / RLS,FALSE
-36.5613,151.0383,78.0273151025176,SE Australia (SE shelf),GlobalArchive / RLS,FALSE
-36.5973,150.3307,44.91168801672757,SE Australia (SE shelf),GlobalArchive / RLS,FALSE
-35.7431,150.8908,64.91819757968187,SE Australia (SE shelf),GlobalArchive / RLS,FALSE
-37.0544,150.2476,63.91099413391203,SE Australia (SE shelf),GlobalArchive / RLS,FALSE
-36.6659,150.5879,55.76605774462223,SE Australia (SE shelf),GlobalArchive / RLS,FALSE
-36.3604,150.3617,73.09098263271153,SE Australia (SE shelf),GlobalArchive / RLS,FALSE
-35.8486,150.9024,74.84444453381002,SE Australia (SE shelf),GlobalArchive / RLS,FALSE
-36.4646,151.0589,58.22737923357636,SE Australia (SE shelf),GlobalArchive / RLS,FALSE
-36.0043,151.1141,48.835220164619386,SE Australia (SE shelf),GlobalArchive / RLS,FALSE
-37.1578,150.7738,75.2788577741012,SE Australia (SE shelf),GlobalArchive / RLS,FALSE
-35.9215,150.2979,86.57425650861114,SE Australia (SE shelf),GlobalArchive / RLS,FALSE
-36.7762,150.4503,64.47849551215768,SE Australia (SE shelf),GlobalArchive / RLS,FALSE
-36.6106,150.6205,46.77902303170413,SE Australia (SE shelf),GlobalArchive / RLS,FALSE
-36.9438,149.6651,71.21224603615701,SE Australia (SE shelf),GlobalArchive / RLS,FALSE
-36.4465,151.0682,37.35601454973221,SE Australia (SE shelf),GlobalArchive / RLS,FALSE
-35.7859,150.0724,38.73216658830643,SE Australia (SE shelf),GlobalArchive / RLS,FALSE
-35.5311,150.3163,30.025984793901443,SE Australia (SE shelf),GlobalArchive / RLS,FALSE
-36.9307,151.0327,67.5608493341133,SE Australia (SE shelf),GlobalArchive / RLS,FALSE
-36.3056,150.6639,66.52955959551036,SE Australia (SE shelf),GlobalArchive / RLS,FALSE
-35.9446,150.6889,67.583321579732,SE Australia (SE shelf),GlobalArchive / RLS,FALSE
-36.5783,150.2001,39.36728121712804,SE Australia (SE shelf),GlobalArchive / RLS,FALSE
-36.5873,149.8593,54.11450096871704,SE Australia (SE shelf),GlobalArchive / RLS,FALSE
-36.6219,150.1834,61.24851542059332,SE Australia (SE shelf),GlobalArchive / RLS,FALSE
-36.2609,150.7008,69.87460864707828,SE Australia (SE shelf),GlobalArchive / RLS,FALSE
-35.941,150.7869,33.555223695002496,SE Australia (SE shelf),GlobalArchive / RLS,FALSE
-36.225,150.5173,75.46726025640965,SE Australia (SE shelf),GlobalArchive / RLS,FALSE
-36.3719,150.3423,80.06451229099184,SE Australia (SE shelf),GlobalArchive / RLS,FALSE
-36.6207,150.652,88.174056597054,SE Australia (SE shelf),GlobalArchive / RLS,FALSE
-36.3007,150.251,54.62923473212868,SE Australia (SE shelf),GlobalArchive / RLS,FALSE
-36.7198,150.7046,47.457081098109484,SE Australia (SE shelf),GlobalArchive / RLS,FALSE
-36.6117,150.0595,82.03416617587209,SE Australia (SE shelf),GlobalArchive / RLS,FALSE
-36.0614,151.2446,81.88506863079965,SE Australia (SE shelf),GlobalArchive / RLS,FALSE
-36.3232,149.418,71.79435306228697,SE Australia (SE shelf),GlobalArchive / RLS,FALSE
-36.4036,151.0672,48.54300945997238,SE Australia (SE shelf),GlobalArchive / RLS,FALSE
-36.6022,150.2379,79.54800438601524,SE Australia (SE shelf),GlobalArchive / RLS,FALSE
-36.1276,151.0009,81.70052526053041,SE Australia (SE shelf),GlobalArchive / RLS,FALSE
-35.966,149.9159,72.6933612395078,SE Australia (SE shelf),GlobalArchive / RLS,FALSE
-36.8477,150.3677,66.40032886527479,SE Australia (SE shelf),GlobalArchive / RLS,FALSE
-36.4778,150.5843,65.01368099357933,SE Australia (SE shelf),GlobalArchive / RLS,FALSE
-36.4804,150.0962,79.04630734585226,SE Australia (SE shelf),GlobalArchive / RLS,FALSE
-36.7313,150.2861,86.11885619815439,SE Australia (SE shelf),GlobalArchive / RLS,FALSE
-36.8995,150.698,33.341401889920235,SE Australia (SE shelf),GlobalArchive / RLS,FALSE
-36.501,150.7194,49.94536778423935,SE Australia (SE shelf),GlobalArchive / RLS,FALSE
-36.2378,150.0089,85.83621977828443,SE Australia (SE shelf),GlobalArchive / RLS,FALSE
-35.9093,150.0974,35.83025415893644,SE Australia (SE shelf),GlobalArchive / RLS,FALSE
-37.2637,150.5829,82.70501933991909,SE Australia (SE shelf),GlobalArchive / RLS,FALSE
-36.781,151.067,88.70634951163083,SE Australia (SE shelf),GlobalArchive / RLS,FALSE
-36.6246,150.7988,33.4853803133592,SE Australia (SE shelf),GlobalArchive / RLS,FALSE
-37.1653,149.8922,53.366572321392596,SE Australia (SE shelf),GlobalArchive / RLS,FALSE
-36.8002,150.212,82.01408541295677,SE Australia (SE shelf),GlobalArchive / RLS,FALSE
-36.8109,149.7647,79.78592257015407,SE Australia (SE shelf),GlobalArchive / RLS,FALSE
-36.789,150.8138,88.21641033980995,SE Australia (SE shelf),GlobalArchive / RLS,FALSE
-37.3755,150.1516,52.7805356355384,SE Australia (SE shelf),GlobalArchive / RLS,FALSE
-36.4146,150.4957,51.32520580664277,SE Australia (SE shelf),GlobalArchive / RLS,FALSE
-36.7528,150.7437,66.11385867465287,SE Australia (SE shelf),GlobalArchive / RLS,FALSE
-35.8918,150.4468,54.61312320549041,SE Australia (SE shelf),GlobalArchive / RLS,FALSE
-36.1816,150.1602,72.04445005394518,SE Australia (SE shelf),GlobalArchive / RLS,FALSE
-37.0814,150.5461,40.076122200116515,SE Australia (SE shelf),GlobalArchive / RLS,FALSE
-36.4606,149.9675,31.786289610899985,SE Australia (SE shelf),GlobalArchive / RLS,FALSE
-36.7375,151.4498,53.2017089612782,SE Australia (SE shelf),GlobalArchive / RLS,FALSE
-36.1447,149.5017,67.77946428861469,SE Australia (SE shelf),GlobalArchive / RLS,FALSE
-36.4788,151.3815,45.50055770203471,SE Australia (SE shelf),GlobalArchive / RLS,FALSE
-36.7228,150.7286,40.361342621035874,SE Australia (SE shelf),GlobalArchive / RLS,FALSE
-36.3246,150.2665,38.98684269748628,SE Australia (SE shelf),GlobalArchive / RLS,FALSE
-36.439,150.6099,88.29134424682707,SE Australia (SE shelf),GlobalArchive / RLS,FALSE
-36.5658,150.4807,83.60171493608505,SE Australia (SE shelf),GlobalArchive / RLS,FALSE
-35.692,151.401,75.12836281210184,SE Australia (SE shelf),GlobalArchive / RLS,FALSE
-36.7118,151.3832,78.63211997319013,SE Australia (SE shelf),GlobalArchive / RLS,FALSE
-36.6883,150.8067,83.34596004802734,SE Australia (SE shelf),GlobalArchive / RLS,FALSE
-37.1184,150.3863,39.88843924831599,SE Australia (SE shelf),GlobalArchive / RLS,FALSE
-36.5162,150.5607,53.44042190350592,SE Australia (SE shelf),GlobalArchive / RLS,FALSE
-36.1439,150.1876,63.91714935656637,SE Australia (SE shelf),GlobalArchive / RLS,FALSE
-37.3286,150.117,61.99876709841192,SE Australia (SE shelf),GlobalArchive / RLS,FALSE
-36.6,150.3783,82.08580403588712,SE Australia (SE shelf),GlobalArchive / RLS,FALSE
-36.9727,151.1124,67.80928764492273,SE Australia (SE shelf),GlobalArchive / RLS,FALSE
-35.9232,150.3087,84.73761117551476,SE Australia (SE shelf),GlobalArchive / RLS,FALSE
-35.9568,150.6104,68.87485062237829,SE Australia (SE shelf),GlobalArchive / RLS,FALSE
-36.3662,151.0171,42.420685635879636,SE Australia (SE shelf),GlobalArchive / RLS,FALSE
-35.9283,150.6696,40.13874151278287,SE Australia (SE shelf),GlobalArchive / RLS,FALSE
-36.8469,150.7111,79.02006905525923,SE Australia (SE shelf),GlobalArchive / RLS,FALSE
-36.1197,150.2385,54.60363818798214,SE Australia (SE shelf),GlobalArchive / RLS,FALSE
-36.734,150.5487,50.215175757184625,SE Australia (SE shelf),GlobalArchive / RLS,FALSE
-36.3716,150.1053,36.617867443710566,SE Australia (SE shelf),GlobalArchive / RLS,FALSE
-36.6198,150.1978,87.25724042393267,SE Australia (SE shelf),GlobalArchive / RLS,FALSE
-36.6114,150.0356,85.738276373595,SE Australia (SE shelf),GlobalArchive / RLS,FALSE
-36.2816,150.3229,39.65716442093253,SE Australia (SE shelf),GlobalArchive / RLS,FALSE
-37.0215,150.634,54.623245764523745,SE Australia (SE shelf),GlobalArchive / RLS,FALSE
-36.6004,150.4597,84.39967519138008,SE Australia (SE shelf),GlobalArchive / RLS,FALSE
-36.4316,150.1098,75.56482693646103,SE Australia (SE shelf),GlobalArchive / RLS,FALSE
-36.6614,150.1107,38.17426239140332,SE Australia (SE shelf),GlobalArchive / RLS,FALSE
-36.4581,149.9637,56.513051432557404,SE Australia (SE shelf),GlobalArchive / RLS,FALSE
-36.6276,150.6656,42.297851485200226,SE Australia (SE shelf),GlobalArchive / RLS,FALSE
-35.8527,150.6097,76.74820405896753,SE Australia (SE shelf),GlobalArchive / RLS,FALSE
-36.2143,149.9344,56.98171424679458,SE Australia (SE shelf),GlobalArchive / RLS,FALSE
-35.3137,149.8272,68.55194095987827,SE Australia (SE shelf),GlobalArchive / RLS,FALSE
-36.818,150.472,65.7801836868748,SE Australia (SE shelf),GlobalArchive / RLS,FALSE
-36.1743,150.3159,81.13781833089888,SE Australia (SE shelf),GlobalArchive / RLS,FALSE
-35.6608,150.0171,86.70596050098538,SE Australia (SE shelf),GlobalArchive / RLS,FALSE
-36.3796,150.9162,79.11125558428466,SE Australia (SE shelf),GlobalArchive / RLS,FALSE
-36.9332,150.4735,37.51156676094979,SE Australia (SE shelf),GlobalArchive / RLS,FALSE
-36.9025,150.4921,71.16582174785435,SE Australia (SE shelf),GlobalArchive / RLS,FALSE
-36.5142,150.7462,30.730771338567138,SE Australia (SE shelf),GlobalArchive / RLS,FALSE
-35.9764,150.6682,50.69128381088376,SE Australia (SE shelf),GlobalArchive / RLS,FALSE
-36.1998,150.3688,34.97253857553005,SE Australia (SE shelf),GlobalArchive / RLS,FALSE
-37.3553,150.0462,49.68849178869277,SE Australia (SE shelf),GlobalArchive / RLS,FALSE
-36.7801,150.9729,61.85516696423292,SE Australia (SE shelf),GlobalArchive / RLS,FALSE
-36.5036,149.8157,72.77062597218901,SE Australia (SE shelf),GlobalArchive / RLS,FALSE
-37.0833,151.0518,70.47912512440234,SE Australia (SE shelf),GlobalArchive / RLS,FALSE
-36.2222,150.2836,42.75468948762864,SE Australia (SE shelf),GlobalArchive / RLS,FALSE
-37.4845,151.3302,35.34301921259612,SE Australia (SE shelf),GlobalArchive / RLS,FALSE
-36.4427,150.4181,82.61124746873975,SE Australia (SE shelf),GlobalArchive / RLS,FALSE
-36.6565,150.2794,74.04296896420419,SE Australia (SE shelf),GlobalArchive / RLS,FALSE
-36.6965,150.5165,74.12642026785761,SE Australia (SE shelf),GlobalArchive / RLS,FALSE
-36.6135,151.0268,63.840082325041294,SE Australia (SE shelf),GlobalArchive / RLS,FALSE
-36.3741,149.7761,71.36018238030374,SE Australia (SE shelf),GlobalArchive / RLS,FALSE
-36.3415,150.3768,68.83659016806632,SE Australia (SE shelf),GlobalArchive / RLS,FALSE
-36.5902,150.6178,61.703378297388554,SE Australia (SE shelf),GlobalArchive / RLS,FALSE
-37.27,150.5591,68.78327306360006,SE Australia (SE shelf),GlobalArchive / RLS,FALSE
-37.0757,150.5464,80.04294165875763,SE Australia (SE shelf),GlobalArchive / RLS,FALSE
-37.0879,150.3707,50.74575317557901,SE Australia (SE shelf),GlobalArchive / RLS,FALSE
-36.1953,150.0439,67.30397564359009,SE Australia (SE shelf),GlobalArchive / RLS,FALSE
-36.5974,151.6445,69.79171770159155,SE Australia (SE shelf),GlobalArchive / RLS,FALSE
-36.3921,149.9194,56.67050024494529,SE Australia (SE shelf),GlobalArchive / RLS,FALSE
-37.1236,150.8935,74.41326782573014,SE Australia (SE shelf),GlobalArchive / RLS,FALSE
-36.7142,150.0569,52.325669350102544,SE Australia (SE shelf),GlobalArchive / RLS,FALSE
-36.275,149.7004,32.481918102130294,SE Australia (SE shelf),GlobalArchive / RLS,FALSE
-36.5713,150.5603,57.16278801206499,SE Australia (SE shelf),GlobalArchive / RLS,FALSE
-36.5461,151.3436,81.75868762191385,SE Australia (SE shelf),GlobalArchive / RLS,FALSE
-36.5288,150.7517,78.85326154064387,SE Australia (SE shelf),GlobalArchive / RLS,FALSE
-36.0156,149.8449,39.99355560634285,SE Australia (SE shelf),GlobalArchive / RLS,FALSE
-36.746,150.2366,65.01606215257198,SE Australia (SE shelf),GlobalArchive / RLS,FALSE
-36.2295,150.1999,78.75549715943635,SE Australia (SE shelf),GlobalArchive / RLS,FALSE
-36.1406,150.0419,48.74992813915014,SE Australia (SE shelf),GlobalArchive / RLS,FALSE
-36.9757,150.911,45.93805739656091,SE Australia (SE shelf),GlobalArchive / RLS,FALSE
-36.4515,151.4912,54.76744534447789,SE Australia (SE shelf),GlobalArchive / RLS,FALSE
-36.5045,149.9187,40.46039062086493,SE Australia (SE shelf),GlobalArchive / RLS,FALSE
-36.0883,150.8289,30.64985473640263,SE Australia (SE shelf),GlobalArchive / RLS,FALSE
-36.1341,150.0734,87.51879521179944,SE Australia (SE shelf),GlobalArchive / RLS,FALSE
-36.501,150.9377,66.54457606840879,SE Australia (SE shelf),GlobalArchive / RLS,FALSE
-36.4456,150.5882,74.14633119944483,SE Australia (SE shelf),GlobalArchive / RLS,FALSE
-36.7881,150.3867,80.09556658565998,SE Australia (SE shelf),GlobalArchive / RLS,FALSE
-36.5792,150.784,84.08651906065643,SE Australia (SE shelf),GlobalArchive / RLS,FALSE
-36.9117,151.3842,37.6712381048128,SE Australia (SE shelf),GlobalArchive / RLS,FALSE
-36.8868,151.0648,53.70675295125693,SE Australia (SE shelf),GlobalArchive / RLS,FALSE
-36.9883,150.4214,62.29633995797485,SE Australia (SE shelf),GlobalArchive / RLS,FALSE
-36.1655,150.8022,40.76305622700602,SE Australia (SE shelf),GlobalArchive / RLS,FALSE
-16.054,146.0624,44.11713649285957,Great Barrier Reef,GlobalArchive / Squidle+,FALSE
-16.6652,146.6721,36.964300397085026,Great Barrier Reef,GlobalArchive / Squidle+,FALSE
-16.9516,146.8842,39.685424922499806,Great Barrier Reef,GlobalArchive / Squidle+,FALSE
-16.5352,146.6836,63.00737208570354,Great Barrier Reef,GlobalArchive / Squidle+,FALSE
-15.6032,146.2614,54.07491072895937,Great Barrier Reef,GlobalArchive / Squidle+,FALSE
-15.6835,146.482,59.22719224006869,Great Barrier Reef,GlobalArchive / Squidle+,FALSE
-17.1879,146.2674,40.302249554079026,Great Barrier Reef,GlobalArchive / Squidle+,FALSE
-16.6428,146.6771,64.65953916194849,Great Barrier Reef,GlobalArchive / Squidle+,FALSE
-15.8867,146.3759,51.11264484236017,Great Barrier Reef,GlobalArchive / Squidle+,FALSE
-16.5153,146.4109,62.8300705680158,Great Barrier Reef,GlobalArchive / Squidle+,FALSE
-15.861,146.247,70.82074504578486,Great Barrier Reef,GlobalArchive / Squidle+,FALSE
-16.6334,146.9269,42.456511300988495,Great Barrier Reef,GlobalArchive / Squidle+,FALSE
-16.258,146.635,31.999266610946506,Great Barrier Reef,GlobalArchive / Squidle+,FALSE
-16.4103,146.1185,39.22781935078092,Great Barrier Reef,GlobalArchive / Squidle+,FALSE
-15.2084,146.6005,41.264471041504294,Great Barrier Reef,GlobalArchive / Squidle+,FALSE
-16.1318,146.2807,66.6848297487013,Great Barrier Reef,GlobalArchive / Squidle+,FALSE
-16.9826,146.5413,45.016702520661056,Great Barrier Reef,GlobalArchive / Squidle+,FALSE
-16.7416,147.2464,66.9691740476992,Great Barrier Reef,GlobalArchive / Squidle+,FALSE
-16.3519,146.0836,70.22822063066997,Great Barrier Reef,GlobalArchive / Squidle+,FALSE
-17.2604,146.588,32.60516971698962,Great Barrier Reef,GlobalArchive / Squidle+,FALSE
-17.221800000000002,145.9305,66.52287696255371,Great Barrier Reef,GlobalArchive / Squidle+,FALSE
-16.9487,146.7464,37.75702149840072,Great Barrier Reef,GlobalArchive / Squidle+,FALSE
-16.6392,145.9234,51.46128038177267,Great Barrier Reef,GlobalArchive / Squidle+,FALSE
-16.0044,145.8193,65.03709258162417,Great Barrier Reef,GlobalArchive / Squidle+,FALSE
-16.6097,146.7229,34.94326588930562,Great Barrier Reef,GlobalArchive / Squidle+,FALSE
-16.435,146.1998,65.38224554504268,Great Barrier Reef,GlobalArchive / Squidle+,FALSE
-16.5258,145.7116,57.37889861455187,Great Barrier Reef,GlobalArchive / Squidle+,FALSE
-16.7821,145.9702,73.50744402618147,Great Barrier Reef,GlobalArchive / Squidle+,FALSE
-15.9551,146.9302,54.332720258971676,Great Barrier Reef,GlobalArchive / Squidle+,FALSE
-16.9386,146.5703,47.11616755463183,Great Barrier Reef,GlobalArchive / Squidle+,FALSE
-16.5914,146.5832,61.14400175283663,Great Barrier Reef,GlobalArchive / Squidle+,FALSE
-16.6391,146.8573,69.7035783471074,Great Barrier Reef,GlobalArchive / Squidle+,FALSE
-16.2871,146.5794,52.54129457753152,Great Barrier Reef,GlobalArchive / Squidle+,FALSE
-15.8571,145.2275,68.05302782566287,Great Barrier Reef,GlobalArchive / Squidle+,FALSE
-16.2945,146.5079,33.615204346133396,Great Barrier Reef,GlobalArchive / Squidle+,FALSE
-15.9471,145.9423,59.584869547979906,Great Barrier Reef,GlobalArchive / Squidle+,FALSE
-16.1948,146.1267,47.40976667962968,Great Barrier Reef,GlobalArchive / Squidle+,FALSE
-16.7498,145.8484,39.429252713453025,Great Barrier Reef,GlobalArchive / Squidle+,FALSE
-16.4674,146.6476,72.00364287011325,Great Barrier Reef,GlobalArchive / Squidle+,FALSE
-15.9496,147.4143,71.21027497923933,Great Barrier Reef,GlobalArchive / Squidle+,FALSE
-17.1245,146.6946,32.13235668023117,Great Barrier Reef,GlobalArchive / Squidle+,FALSE
-16.3701,147.2729,59.32336416444741,Great Barrier Reef,GlobalArchive / Squidle+,FALSE
-16.5627,146.4071,55.204650743398815,Great Barrier Reef,GlobalArchive / Squidle+,FALSE
-16.1489,146.285,54.20863616745919,Great Barrier Reef,GlobalArchive / Squidle+,FALSE
-16.1999,146.8144,72.47162499697879,Great Barrier Reef,GlobalArchive / Squidle+,FALSE
-16.3796,145.9991,52.43480247678235,Great Barrier Reef,GlobalArchive / Squidle+,FALSE
-15.9029,145.9703,44.63361757923849,Great Barrier Reef,GlobalArchive / Squidle+,FALSE
-17.1102,145.3127,51.74811001983471,Great Barrier Reef,GlobalArchive / Squidle+,FALSE
-16.1357,145.6097,61.194326657569036,Great Barrier Reef,GlobalArchive / Squidle+,FALSE
-17.1318,146.3233,64.50220698374324,Great Barrier Reef,GlobalArchive / Squidle+,FALSE
-16.2649,146.5499,44.19345088186674,Great Barrier Reef,GlobalArchive / Squidle+,FALSE
-16.4641,146.36,31.42431224696338,Great Barrier Reef,GlobalArchive / Squidle+,FALSE
-16.1131,145.7386,59.669244980905205,Great Barrier Reef,GlobalArchive / Squidle+,FALSE
-16.4685,146.0384,39.55901272594929,Great Barrier Reef,GlobalArchive / Squidle+,FALSE
-17.1275,146.1843,34.10619397996925,Great Barrier Reef,GlobalArchive / Squidle+,FALSE
-17.3031,146.8598,74.19650936848484,Great Barrier Reef,GlobalArchive / Squidle+,FALSE
-16.2836,146.6264,42.026624620193616,Great Barrier Reef,GlobalArchive / Squidle+,FALSE
-16.5294,146.1692,44.07327934750356,Great Barrier Reef,GlobalArchive / Squidle+,FALSE
-16.7284,145.8542,68.5866233962588,Great Barrier Reef,GlobalArchive / Squidle+,FALSE
-16.6244,146.4334,39.36788720777258,Great Barrier Reef,GlobalArchive / Squidle+,FALSE
-16.7686,145.7894,74.5002211863175,Great Barrier Reef,GlobalArchive / Squidle+,FALSE
-16.5629,146.2332,65.03701401175931,Great Barrier Reef,GlobalArchive / Squidle+,FALSE
-16.8725,146.3768,45.08963500033133,Great Barrier Reef,GlobalArchive / Squidle+,FALSE
-17.2932,146.989,57.96319298562594,Great Barrier Reef,GlobalArchive / Squidle+,FALSE
-16.5878,146.8583,59.06899713445455,Great Barrier Reef,GlobalArchive / Squidle+,FALSE
-16.0819,146.5816,32.44833230157383,Great Barrier Reef,GlobalArchive / Squidle+,FALSE
-15.7491,146.4136,69.9413755594287,Great Barrier Reef,GlobalArchive / Squidle+,FALSE
-16.499,146.3048,59.640402370132506,Great Barrier Reef,GlobalArchive / Squidle+,FALSE
-16.5323,146.7408,48.50816741818562,Great Barrier Reef,GlobalArchive / Squidle+,FALSE
-16.1148,145.9424,45.59471679269336,Great Barrier Reef,GlobalArchive / Squidle+,FALSE
-16.4786,146.3583,55.10406862827949,Great Barrier Reef,GlobalArchive / Squidle+,FALSE
-16.674,146.9924,40.03626047051512,Great Barrier Reef,GlobalArchive / Squidle+,FALSE
-17.1949,146.1746,64.89373142248951,Great Barrier Reef,GlobalArchive / Squidle+,FALSE
-17.0055,145.8893,62.791793601354584,Great Barrier Reef,GlobalArchive / Squidle+,FALSE
-16.3375,146.5004,30.3863685100805,Great Barrier Reef,GlobalArchive / Squidle+,FALSE
-17.0839,146.6181,73.37652261718176,Great Barrier Reef,GlobalArchive / Squidle+,FALSE
-16.0806,147.1826,63.06354073807597,Great Barrier Reef,GlobalArchive / Squidle+,FALSE
-17.0386,146.137,39.44491962203756,Great Barrier Reef,GlobalArchive / Squidle+,FALSE
-16.5774,146.2894,38.65307470201515,Great Barrier Reef,GlobalArchive / Squidle+,FALSE
-16.5009,146.996,30.80056355567649,Great Barrier Reef,GlobalArchive / Squidle+,FALSE
-16.5051,146.3928,54.448006893508136,Great Barrier Reef,GlobalArchive / Squidle+,FALSE
-16.4392,146.6217,33.253356810892,Great Barrier Reef,GlobalArchive / Squidle+,FALSE
-16.2606,146.6881,46.81431438191794,Great Barrier Reef,GlobalArchive / Squidle+,FALSE
-16.5505,147.0145,64.74056187551469,Great Barrier Reef,GlobalArchive / Squidle+,FALSE
-16.5994,146.8668,51.12789698294364,Great Barrier Reef,GlobalArchive / Squidle+,FALSE
-16.4359,146.4836,37.872003628872335,Great Barrier Reef,GlobalArchive / Squidle+,FALSE
-16.6735,145.9843,66.97321807499975,Great Barrier Reef,GlobalArchive / Squidle+,FALSE
-15.885,146.4683,74.14875749847852,Great Barrier Reef,GlobalArchive / Squidle+,FALSE
-17.3681,146.796,58.182370606809855,Great Barrier Reef,GlobalArchive / Squidle+,FALSE
-16.0892,147.0107,52.781747239641845,Great Barrier Reef,GlobalArchive / Squidle+,FALSE
-16.5994,146.7661,43.68773233727552,Great Barrier Reef,GlobalArchive / Squidle+,FALSE
-16.3311,145.8909,35.711072862613946,Great Barrier Reef,GlobalArchive / Squidle+,FALSE
-16.1049,146.5505,54.54655425972305,Great Barrier Reef,GlobalArchive / Squidle+,FALSE
-16.1658,146.0474,58.39991678483784,Great Barrier Reef,GlobalArchive / Squidle+,FALSE
-16.7642,146.309,66.68495658785105,Great Barrier Reef,GlobalArchive / Squidle+,FALSE
-15.8744,146.0606,30.842864296864718,Great Barrier Reef,GlobalArchive / Squidle+,FALSE
-17.1492,147.183,61.56659913249314,Great Barrier Reef,GlobalArchive / Squidle+,FALSE
-16.1544,146.4264,47.357927322154865,Great Barrier Reef,GlobalArchive / Squidle+,FALSE
-16.7046,147.2446,33.262309301644564,Great Barrier Reef,GlobalArchive / Squidle+,FALSE
-17.2669,145.8032,49.884480769978836,Great Barrier Reef,GlobalArchive / Squidle+,FALSE
-17.2463,146.1866,30.070332685718313,Great Barrier Reef,GlobalArchive / Squidle+,FALSE
-16.4019,146.8181,59.05044437851757,Great Barrier Reef,GlobalArchive / Squidle+,FALSE
-15.6106,146.2871,59.14799895021133,Great Barrier Reef,GlobalArchive / Squidle+,FALSE
-16.3906,147.2943,61.734934895066544,Great Barrier Reef,GlobalArchive / Squidle+,FALSE
-16.0477,146.2393,46.09418086591177,Great Barrier Reef,GlobalArchive / Squidle+,FALSE
-16.1645,145.6372,53.11310758232139,Great Barrier Reef,GlobalArchive / Squidle+,FALSE
-16.7618,146.4632,59.57748661050573,Great Barrier Reef,GlobalArchive / Squidle+,FALSE
-16.1184,146.341,43.62228795653209,Great Barrier Reef,GlobalArchive / Squidle+,FALSE
-16.3588,146.4447,58.0415642936714,Great Barrier Reef,GlobalArchive / Squidle+,FALSE
-16.4174,146.1697,67.69529770128429,Great Barrier Reef,GlobalArchive / Squidle+,FALSE
-16.0996,146.2257,44.41637476324104,Great Barrier Reef,GlobalArchive / Squidle+,FALSE
-16.201,146.1829,38.41371135204099,Great Barrier Reef,GlobalArchive / Squidle+,FALSE
-16.7506,146.3372,59.04593478888273,Great Barrier Reef,GlobalArchive / Squidle+,FALSE
-16.3419,146.0405,58.193063327344134,Great Barrier Reef,GlobalArchive / Squidle+,FALSE
-16.8569,146.9463,62.31160944560543,Great Barrier Reef,GlobalArchive / Squidle+,FALSE
-16.2477,146.1482,44.53639107523486,Great Barrier Reef,GlobalArchive / Squidle+,FALSE
-16.6731,147.0117,67.4624879937619,Great Barrier Reef,GlobalArchive / Squidle+,FALSE
-16.3191,145.9183,50.62606337713078,Great Barrier Reef,GlobalArchive / Squidle+,FALSE
-16.3528,146.83690000000001,54.292427245527506,Great Barrier Reef,GlobalArchive / Squidle+,FALSE
-16.6082,146.2587,35.11633681948297,Great Barrier Reef,GlobalArchive / Squidle+,FALSE
-16.3138,146.5526,38.59209520393051,Great Barrier Reef,GlobalArchive / Squidle+,FALSE
-16.2703,146.8058,35.22262944141403,Great Barrier Reef,GlobalArchive / Squidle+,FALSE
-16.5923,146.1331,48.9561645523645,Great Barrier Reef,GlobalArchive / Squidle+,FALSE
-16.0311,146.595,64.03719777124934,Great Barrier Reef,GlobalArchive / Squidle+,FALSE
-15.9429,146.4821,34.8616323445458,Great Barrier Reef,GlobalArchive / Squidle+,FALSE
-16.7648,146.0526,70.67476686788723,Great Barrier Reef,GlobalArchive / Squidle+,FALSE
-16.8109,146.7307,54.96111426386051,Great Barrier Reef,GlobalArchive / Squidle+,FALSE
-16.2946,145.5793,72.00527658686042,Great Barrier Reef,GlobalArchive / Squidle+,FALSE
-16.8653,147.1176,33.41419613454491,Great Barrier Reef,GlobalArchive / Squidle+,FALSE
-16.6798,146.9785,54.086606920463964,Great Barrier Reef,GlobalArchive / Squidle+,FALSE
-16.1788,146.4193,74.22542210435495,Great Barrier Reef,GlobalArchive / Squidle+,FALSE
-16.7294,146.3271,69.88022932433523,Great Barrier Reef,GlobalArchive / Squidle+,FALSE
-17.2713,146.6388,31.358716782415286,Great Barrier Reef,GlobalArchive / Squidle+,FALSE
-16.2342,146.3058,69.46977644227445,Great Barrier Reef,GlobalArchive / Squidle+,FALSE
-17.141,146.4219,50.314202044392005,Great Barrier Reef,GlobalArchive / Squidle+,FALSE
-17.0418,146.5919,35.35636155400425,Great Barrier Reef,GlobalArchive / Squidle+,FALSE
-17.7072,146.4621,74.03358333860524,Great Barrier Reef,GlobalArchive / Squidle+,FALSE
-16.1675,147.1841,36.75844348501414,Great Barrier Reef,GlobalArchive / Squidle+,FALSE
-16.3996,146.3657,36.22590938815847,Great Barrier Reef,GlobalArchive / Squidle+,FALSE
-16.3151,146.1499,68.22313709417358,Great Barrier Reef,GlobalArchive / Squidle+,FALSE
-16.1621,146.047,38.90883633401245,Great Barrier Reef,GlobalArchive / Squidle+,FALSE
-16.5168,146.2736,54.6233666385524,Great Barrier Reef,GlobalArchive / Squidle+,FALSE
-16.9422,146.1102,30.893211560323834,Great Barrier Reef,GlobalArchive / Squidle+,FALSE
-16.2745,146.878,43.49292924860492,Great Barrier Reef,GlobalArchive / Squidle+,FALSE
-15.9787,146.5991,32.89448606665246,Great Barrier Reef,GlobalArchive / Squidle+,FALSE
-17.1001,146.4581,41.22218015952967,Great Barrier Reef,GlobalArchive / Squidle+,FALSE
-16.7428,146.5111,36.66210655239411,Great Barrier Reef,GlobalArchive / Squidle+,FALSE
-16.6169,146.1371,31.54350634664297,Great Barrier Reef,GlobalArchive / Squidle+,FALSE
-17.0159,147.4404,32.535535159986466,Great Barrier Reef,GlobalArchive / Squidle+,FALSE
-16.2224,146.8235,44.66719040181488,Great Barrier Reef,GlobalArchive / Squidle+,FALSE
-16.7397,146.8137,59.09821224748157,Great Barrier Reef,GlobalArchive / Squidle+,FALSE
-15.9972,146.5681,46.06056114658713,Great Barrier Reef,GlobalArchive / Squidle+,FALSE
-16.4786,146.5637,71.83030669461004,Great Barrier Reef,GlobalArchive / Squidle+,FALSE
-16.2088,146.7712,40.461703296750784,Great Barrier Reef,GlobalArchive / Squidle+,FALSE
-15.8756,146.6737,38.837252135854214,Great Barrier Reef,GlobalArchive / Squidle+,FALSE
-16.3938,146.8122,45.8163885853719,Great Barrier Reef,GlobalArchive / Squidle+,FALSE
-16.0693,146.3222,35.83641030010767,Great Barrier Reef,GlobalArchive / Squidle+,FALSE
-16.4157,147.0086,55.21052741096355,Great Barrier Reef,GlobalArchive / Squidle+,FALSE
-17.1047,145.9106,69.54792030737735,Great Barrier Reef,GlobalArchive / Squidle+,FALSE
-16.491,147.2304,42.09796495735645,Great Barrier Reef,GlobalArchive / Squidle+,FALSE
-16.2127,146.4671,33.18240228225477,Great Barrier Reef,GlobalArchive / Squidle+,FALSE
-16.3042,146.5828,69.82050772989169,Great Barrier Reef,GlobalArchive / Squidle+,FALSE
-16.5696,146.4767,58.63684395560995,Great Barrier Reef,GlobalArchive / Squidle+,FALSE
-16.9871,146.1628,37.960667138686404,Great Barrier Reef,GlobalArchive / Squidle+,FALSE
-16.2414,146.3134,65.0980147474911,Great Barrier Reef,GlobalArchive / Squidle+,FALSE
-16.8666,147.1066,44.274222106905654,Great Barrier Reef,GlobalArchive / Squidle+,FALSE
-17.0007,147.3296,74.09929499728605,Great Barrier Reef,GlobalArchive / Squidle+,FALSE
-16.262,146.0773,51.82703813770786,Great Barrier Reef,GlobalArchive / Squidle+,FALSE
-16.9931,146.6421,60.602434657048434,Great Barrier Reef,GlobalArchive / Squidle+,FALSE
-16.4023,146.2849,45.51510892342776,Great Barrier Reef,GlobalArchive / Squidle+,FALSE
-16.4989,146.5361,39.15184332872741,Great Barrier Reef,GlobalArchive / Squidle+,FALSE
-17.0313,146.6394,31.944179957499728,Great Barrier Reef,GlobalArchive / Squidle+,FALSE
-16.0281,146.293,70.99201136268675,Great Barrier Reef,GlobalArchive / Squidle+,FALSE
-16.7371,146.6149,42.35754497582093,Great Barrier Reef,GlobalArchive / Squidle+,FALSE
-16.02,147.1672,32.368310041492805,Great Barrier Reef,GlobalArchive / Squidle+,FALSE
-16.69,146.0676,51.8362755398266,Great Barrier Reef,GlobalArchive / Squidle+,FALSE
-16.73,146.3409,61.8380472343415,Great Barrier Reef,GlobalArchive / Squidle+,FALSE
-16.5125,146.6189,60.54045555414632,Great Barrier Reef,GlobalArchive / Squidle+,FALSE
-16.6432,146.64940000000001,54.13302265224047,Great Barrier Reef,GlobalArchive / Squidle+,FALSE
-16.6426,146.527,42.31525777140632,Great Barrier Reef,GlobalArchive / Squidle+,FALSE
-16.8511,146.6387,30.46527090598829,Great Barrier Reef,GlobalArchive / Squidle+,FALSE
-16.9852,146.4342,33.22533669532277,Great Barrier Reef,GlobalArchive / Squidle+,FALSE
-16.2547,146.576,51.28028921317309,Great Barrier Reef,GlobalArchive / Squidle+,FALSE
-16.8225,146.4725,46.55758224078454,Great Barrier Reef,GlobalArchive / Squidle+,FALSE
-17.0506,146.8666,59.4633629755117,Great Barrier Reef,GlobalArchive / Squidle+,FALSE
-16.7031,146.7842,39.44346746779047,Great Barrier Reef,GlobalArchive / Squidle+,FALSE
-16.8204,146.4924,52.790597460698336,Great Barrier Reef,GlobalArchive / Squidle+,FALSE
-17.3771,147.0253,68.25300366966985,Great Barrier Reef,GlobalArchive / Squidle+,FALSE
-16.6164,146.5682,72.23087930353358,Great Barrier Reef,GlobalArchive / Squidle+,FALSE
-16.4331,146.7315,34.33186661219224,Great Barrier Reef,GlobalArchive / Squidle+,FALSE
-16.3821,146.5912,44.66861090390012,Great Barrier Reef,GlobalArchive / Squidle+,FALSE
-16.3429,146.255,44.38792046508752,Great Barrier Reef,GlobalArchive / Squidle+,FALSE
-16.9003,146.7936,33.720595515333116,Great Barrier Reef,GlobalArchive / Squidle+,FALSE
-16.6303,145.7598,69.75127421552315,Great Barrier Reef,GlobalArchive / Squidle+,FALSE
-16.9033,146.1126,47.48618245823309,Great Barrier Reef,GlobalArchive / Squidle+,FALSE
-16.7542,146.7511,70.54749378701672,Great Barrier Reef,GlobalArchive / Squidle+,FALSE
-16.9839,146.9961,55.59643579646945,Great Barrier Reef,GlobalArchive / Squidle+,FALSE
-16.9466,145.8972,70.33684718306176,Great Barrier Reef,GlobalArchive / Squidle+,FALSE
-16.248,146.973,30.40477943373844,Great Barrier Reef,GlobalArchive / Squidle+,FALSE
-16.609,145.9663,51.90118979662657,Great Barrier Reef,GlobalArchive / Squidle+,FALSE
-16.6035,146.2615,45.80150626483373,Great Barrier Reef,GlobalArchive / Squidle+,FALSE
-15.8082,145.9682,64.75525228190236,Great Barrier Reef,GlobalArchive / Squidle+,FALSE
-16.5234,146.4272,63.23004248784855,Great Barrier Reef,GlobalArchive / Squidle+,FALSE
-16.7148,146.5197,59.23561346484348,Great Barrier Reef,GlobalArchive / Squidle+,FALSE
-16.2011,146.6648,50.82070735632442,Great Barrier Reef,GlobalArchive / Squidle+,FALSE
-16.6949,146.3311,57.04019968514331,Great Barrier Reef,GlobalArchive / Squidle+,FALSE
-15.9508,146.4921,62.54500089911744,Great Barrier Reef,GlobalArchive / Squidle+,FALSE
-16.6511,146.6212,61.38744511990808,Great Barrier Reef,GlobalArchive / Squidle+,FALSE
-16.7465,146.111,72.20429294393398,Great Barrier Reef,GlobalArchive / Squidle+,FALSE
-16.9673,146.2195,68.30923690460622,Great Barrier Reef,GlobalArchive / Squidle+,FALSE
-16.3685,147.0514,31.530760960886255,Great Barrier Reef,GlobalArchive / Squidle+,FALSE
-15.9134,145.3187,39.62358506396413,Great Barrier Reef,GlobalArchive / Squidle+,FALSE
-16.6424,146.8823,71.49939252063632,Great Barrier Reef,GlobalArchive / Squidle+,FALSE
-16.3954,146.924,60.606345349224284,Great Barrier Reef,GlobalArchive / Squidle+,FALSE
-16.3667,147.0404,64.45144041557796,Great Barrier Reef,GlobalArchive / Squidle+,FALSE
-15.9311,146.3394,32.57881943369284,Great Barrier Reef,GlobalArchive / Squidle+,FALSE
-16.2344,146.836,71.27028671326116,Great Barrier Reef,GlobalArchive / Squidle+,FALSE
-16.9295,146.5862,42.832552541512996,Great Barrier Reef,GlobalArchive / Squidle+,FALSE
-16.7788,146.2448,63.724681644234806,Great Barrier Reef,GlobalArchive / Squidle+,FALSE
-16.7985,146.7211,57.98542145756073,Great Barrier Reef,GlobalArchive / Squidle+,FALSE
-16.4434,146.6481,54.13678367505781,Great Barrier Reef,GlobalArchive / Squidle+,FALSE
-16.5016,146.3444,31.001161441672593,Great Barrier Reef,GlobalArchive / Squidle+,FALSE
-16.3528,146.316,73.71655912022106,Great Barrier Reef,GlobalArchive / Squidle+,FALSE
-16.7629,146.3936,57.034045880427584,Great Barrier Reef,GlobalArchive / Squidle+,FALSE
-16.6505,146.7006,48.78096899832599,Great Barrier Reef,GlobalArchive / Squidle+,FALSE
-16.2035,146.4791,46.00881723803468,Great Barrier Reef,GlobalArchive / Squidle+,FALSE
-16.5398,145.9591,31.03489494533278,Great Barrier Reef,GlobalArchive / Squidle+,FALSE
-16.7617,146.6234,31.280566641362384,Great Barrier Reef,GlobalArchive / Squidle+,FALSE
-16.1115,146.3532,53.42750648385845,Great Barrier Reef,GlobalArchive / Squidle+,FALSE
-16.4946,146.8043,57.58028106763959,Great Barrier Reef,GlobalArchive / Squidle+,FALSE
-16.8666,146.0165,31.178752816049382,Great Barrier Reef,GlobalArchive / Squidle+,FALSE
-15.8161,145.7366,34.24454431165941,Great Barrier Reef,GlobalArchive / Squidle+,FALSE
-16.9672,146.3009,71.34581941645592,Great Barrier Reef,GlobalArchive / Squidle+,FALSE
-17.2124,146.2452,63.72642130823806,Great Barrier Reef,GlobalArchive / Squidle+,FALSE
-17.4013,146.7705,33.39215185493231,Great Barrier Reef,GlobalArchive / Squidle+,FALSE
-16.2395,145.7522,44.137116990750656,Great Barrier Reef,GlobalArchive / Squidle+,FALSE
-16.7131,146.0726,69.8178659111727,Great Barrier Reef,GlobalArchive / Squidle+,FALSE
-16.6102,146.4496,35.85936508490704,Great Barrier Reef,GlobalArchive / Squidle+,FALSE
-16.3841,146.2055,40.58300502598286,Great Barrier Reef,GlobalArchive / Squidle+,FALSE
-16.6866,146.4235,54.5389094715938,Great Barrier Reef,GlobalArchive / Squidle+,FALSE
-17.1432,146.0207,46.24460394610651,Great Barrier Reef,GlobalArchive / Squidle+,FALSE
-17.2799,146.1703,62.1105787390843,Great Barrier Reef,GlobalArchive / Squidle+,FALSE
-16.6363,146.1322,71.91640906152315,Great Barrier Reef,GlobalArchive / Squidle+,FALSE
-16.4301,145.8025,69.97777927550487,Great Barrier Reef,GlobalArchive / Squidle+,FALSE
-17.4111,146.6532,60.75815304648131,Great Barrier Reef,GlobalArchive / Squidle+,FALSE
-16.3838,146.2836,56.23820223729126,Great Barrier Reef,GlobalArchive / Squidle+,FALSE
-16.3311,146.2776,33.83888049283996,Great Barrier Reef,GlobalArchive / Squidle+,FALSE
-15.9821,146.9436,40.2322775835637,Great Barrier Reef,GlobalArchive / Squidle+,FALSE
-16.4341,146.7671,49.33683662675321,Great Barrier Reef,GlobalArchive / Squidle+,FALSE
-16.418,146.2225,34.167297582607716,Great Barrier Reef,GlobalArchive / Squidle+,FALSE
-16.2582,146.852,46.63800974492915,Great Barrier Reef,GlobalArchive / Squidle+,FALSE
-16.5077,146.3484,74.8554635932669,Great Barrier Reef,GlobalArchive / Squidle+,FALSE
-16.5319,146.3275,38.4003370301798,Great Barrier Reef,GlobalArchive / Squidle+,FALSE
-16.4536,146.5666,50.07281709462404,Great Barrier Reef,GlobalArchive / Squidle+,FALSE
-16.2023,146.5562,63.26159376301803,Great Barrier Reef,GlobalArchive / Squidle+,FALSE
-16.6725,146.457,35.83587755681947,Great Barrier Reef,GlobalArchive / Squidle+,FALSE
-16.6998,146.3992,74.81199858477339,Great Barrier Reef,GlobalArchive / Squidle+,FALSE
-16.8461,146.66,65.97232942236587,Great Barrier Reef,GlobalArchive / Squidle+,FALSE
-16.8831,146.8977,36.09812703332864,Great Barrier Reef,GlobalArchive / Squidle+,FALSE
-16.3693,146.3425,62.114337456878275,Great Barrier Reef,GlobalArchive / Squidle+,FALSE
-15.8811,147.0807,48.79141709301621,Great Barrier Reef,GlobalArchive / Squidle+,FALSE
-16.8875,146.166,44.49352425173856,Great Barrier Reef,GlobalArchive / Squidle+,FALSE
-16.5754,147.3006,74.83242292539217,Great Barrier Reef,GlobalArchive / Squidle+,FALSE
-16.912,146.8281,63.416912010870874,Great Barrier Reef,GlobalArchive / Squidle+,FALSE
-16.1368,146.3554,56.232124309754,Great Barrier Reef,GlobalArchive / Squidle+,FALSE
-16.627,145.6497,35.17264301888645,Great Barrier Reef,GlobalArchive / Squidle+,FALSE
-16.4284,146.3408,46.43177369842306,Great Barrier Reef,GlobalArchive / Squidle+,FALSE
-16.3608,146.361,59.21774909365922,Great Barrier Reef,GlobalArchive / Squidle+,FALSE
-16.9217,147.078,52.4186035792809,Great Barrier Reef,GlobalArchive / Squidle+,FALSE
-16.5419,146.6505,45.403993658255786,Great Barrier Reef,GlobalArchive / Squidle+,FALSE
-16.5913,145.7716,32.14180366136134,Great Barrier Reef,GlobalArchive / Squidle+,FALSE
-16.2299,146.6091,64.68153829453513,Great Barrier Reef,GlobalArchive / Squidle+,FALSE
-16.9933,146.1229,49.912957028718665,Great Barrier Reef,GlobalArchive / Squidle+,FALSE
-16.98,145.8196,55.171309219440445,Great Barrier Reef,GlobalArchive / Squidle+,FALSE
-16.1937,146.8676,36.255298195173964,Great Barrier Reef,GlobalArchive / Squidle+,FALSE
-16.7352,146.7407,60.33810429973528,Great Barrier Reef,GlobalArchive / Squidle+,FALSE
-16.7641,146.34,34.784617280820385,Great Barrier Reef,GlobalArchive / Squidle+,FALSE
-16.4548,147.075,52.24614692735486,Great Barrier Reef,GlobalArchive / Squidle+,FALSE
-16.6282,146.3751,56.43707001465373,Great Barrier Reef,GlobalArchive / Squidle+,FALSE
-15.7534,145.8258,48.68324774201028,Great Barrier Reef,GlobalArchive / Squidle+,FALSE
-16.3962,146.8644,40.29126968001947,Great Barrier Reef,GlobalArchive / Squidle+,FALSE
-16.4354,146.23,32.90972569724545,Great Barrier Reef,GlobalArchive / Squidle+,FALSE
-16.1276,146.5549,61.218880688538775,Great Barrier Reef,GlobalArchive / Squidle+,FALSE
-16.524,146.1307,63.324168242979795,Great Barrier Reef,GlobalArchive / Squidle+,FALSE
-16.4805,145.9782,60.26078971917741,Great Barrier Reef,GlobalArchive / Squidle+,FALSE
-16.9292,146.6766,70.71604963741265,Great Barrier Reef,GlobalArchive / Squidle+,FALSE
-17.4172,146.1405,59.0083170379512,Great Barrier Reef,GlobalArchive / Squidle+,FALSE
-16.9829,146.2834,73.89249841100536,Great Barrier Reef,GlobalArchive / Squidle+,FALSE
-16.4544,146.7896,54.85897736856714,Great Barrier Reef,GlobalArchive / Squidle+,FALSE
-16.9133,145.475,70.39485360961407,Great Barrier Reef,GlobalArchive / Squidle+,FALSE
-16.2245,146.1251,61.437373833032325,Great Barrier Reef,GlobalArchive / Squidle+,FALSE
-16.21,147.1118,74.52075091889128,Great Barrier Reef,GlobalArchive / Squidle+,FALSE
-16.413,146.4978,35.99409705377184,Great Barrier Reef,GlobalArchive / Squidle+,FALSE
-16.5807,145.8267,74.65149432769977,Great Barrier Reef,GlobalArchive / Squidle+,FALSE
-17.0463,146.4802,34.505340366158634,Great Barrier Reef,GlobalArchive / Squidle+,FALSE
-16.6236,146.5182,54.73129557562061,Great Barrier Reef,GlobalArchive / Squidle+,FALSE
-16.6812,146.1897,39.67023727018386,Great Barrier Reef,GlobalArchive / Squidle+,FALSE
-16.2347,146.2259,60.52519846823998,Great Barrier Reef,GlobalArchive / Squidle+,FALSE
-15.9765,146.4844,69.2395301302895,Great Barrier Reef,GlobalArchive / Squidle+,FALSE
-16.2996,146.8359,73.85722198756412,Great Barrier Reef,GlobalArchive / Squidle+,FALSE
-16.9513,146.1634,51.76424483768642,Great Barrier Reef,GlobalArchive / Squidle+,FALSE
-15.8316,146.7865,56.42010658280924,Great Barrier Reef,GlobalArchive / Squidle+,FALSE
-16.0959,145.753,49.58249339251779,Great Barrier Reef,GlobalArchive / Squidle+,FALSE
-16.4106,147.2963,32.84132408676669,Great Barrier Reef,GlobalArchive / Squidle+,FALSE
-17.3826,146.8084,48.53884036419913,Great Barrier Reef,GlobalArchive / Squidle+,FALSE
-16.8818,146.251,55.49281944287941,Great Barrier Reef,GlobalArchive / Squidle+,FALSE
-16.5274,146.4586,54.345264479052275,Great Barrier Reef,GlobalArchive / Squidle+,FALSE
-16.1955,146.007,47.081200507236645,Great Barrier Reef,GlobalArchive / Squidle+,FALSE
-16.972,146.1268,61.49072257219814,Great Barrier Reef,GlobalArchive / Squidle+,FALSE
-15.2155,146.619,48.398045293288305,Great Barrier Reef,GlobalArchive / Squidle+,FALSE
-17.5215,145.6742,53.07866678223945,Great Barrier Reef,GlobalArchive / Squidle+,FALSE
-16.5944,146.7709,67.22634616540745,Great Barrier Reef,GlobalArchive / Squidle+,FALSE
-16.6038,146.8346,67.6457009324804,Great Barrier Reef,GlobalArchive / Squidle+,FALSE
-16.7653,146.5489,45.18751384690404,Great Barrier Reef,GlobalArchive / Squidle+,FALSE
-16.6276,146.1847,70.32300479477271,Great Barrier Reef,GlobalArchive / Squidle+,FALSE
-16.203,146.7535,62.60864591575228,Great Barrier Reef,GlobalArchive / Squidle+,FALSE
-16.8497,146.4187,68.64890530589037,Great Barrier Reef,GlobalArchive / Squidle+,FALSE
-17.3331,147.2103,68.14600014709868,Great Barrier Reef,GlobalArchive / Squidle+,FALSE
-16.4625,146.7013,55.65091658500023,Great Barrier Reef,GlobalArchive / Squidle+,FALSE
-16.5007,147.244,61.939181454945356,Great Barrier Reef,GlobalArchive / Squidle+,FALSE
-16.5052,146.2562,71.45894426386803,Great Barrier Reef,GlobalArchive / Squidle+,FALSE
-16.2328,146.9612,41.401271779323,Great Barrier Reef,GlobalArchive / Squidle+,FALSE
-16.5053,146.8877,55.3773963090498,Great Barrier Reef,GlobalArchive / Squidle+,FALSE
-16.1896,146.7549,62.20673313480802,Great Barrier Reef,GlobalArchive / Squidle+,FALSE
-17.3043,147.2089,56.37526374659501,Great Barrier Reef,GlobalArchive / Squidle+,FALSE
-16.9513,146.9713,67.989732816349715,Great Barrier Reef,GlobalArchive / Squidle+,FALSE
-16.3605,146.9403,54.74317766726017,Great Barrier Reef,GlobalArchive / Squidle+,FALSE
-16.6412,147.0508,46.40432598302141,Great Barrier Reef,GlobalArchive / Squidle+,FALSE
-16.1221,146.2131,64.46913209860213,Great Barrier Reef,GlobalArchive / Squidle+,FALSE
-16.9019,146.7754,48.08417731197551,Great Barrier Reef,GlobalArchive / Squidle+,FALSE
-16.2104,147.0072,41.88547229161486,Great Barrier Reef,GlobalArchive / Squidle+,FALSE
-16.7675,145.7512,56.288317751605064,Great Barrier Reef,GlobalArchive / Squidle+,FALSE
-16.9452,146.9992,39.539928127778694,Great Barrier Reef,GlobalArchive / Squidle+,FALSE
-16.6371,146.0691,52.06504723406397,Great Barrier Reef,GlobalArchive / Squidle+,FALSE
-16.4801,145.9103,72.69457508227788,Great Barrier Reef,GlobalArchive / Squidle+,FALSE
-16.9911,146.4589,34.98095531598665,Great Barrier Reef,GlobalArchive / Squidle+,FALSE
-16.8056,145.8141,33.93377738306299,Great Barrier Reef,GlobalArchive / Squidle+,FALSE
-16.9985,146.1902,56.471323447767645,Great Barrier Reef,GlobalArchive / Squidle+,FALSE
-16.0933,146.839,70.5556515371427,Great Barrier Reef,GlobalArchive / Squidle+,FALSE
-16.2106,146.5333,46.93413864355534,Great Barrier Reef,GlobalArchive / Squidle+,FALSE
-16.913,147.014,32.3975590383634,Great Barrier Reef,GlobalArchive / Squidle+,FALSE
-16.2771,146.6104,59.749230538727716,Great Barrier Reef,GlobalArchive / Squidle+,FALSE
-16.6022,145.8155,73.42100815381855,Great Barrier Reef,GlobalArchive / Squidle+,FALSE
-16.9454,146.0402,43.484764656750485,Great Barrier Reef,GlobalArchive / Squidle+,FALSE
-16.3315,146.5639,51.46609915886074,Great Barrier Reef,GlobalArchive / Squidle+,FALSE
-16.6292,146.3291,50.64022490638308,Great Barrier Reef,GlobalArchive / Squidle+,FALSE
-16.1479,146.8628,74.64601936284453,Great Barrier Reef,GlobalArchive / Squidle+,FALSE
-16.5779,146.5604,56.07563518336974,Great Barrier Reef,GlobalArchive / Squidle+,FALSE
-16.0248,146.0562,58.49229644285515,Great Barrier Reef,GlobalArchive / Squidle+,FALSE
-16.7039,146.2805,53.91548512852751,Great Barrier Reef,GlobalArchive / Squidle+,FALSE
-16.4122,146.9075,42.2169925714843,Great Barrier Reef,GlobalArchive / Squidle+,FALSE
-16.3519,146.1218,35.49003801075742,Great Barrier Reef,GlobalArchive / Squidle+,FALSE
-16.3884,145.8999,66.42847765353508,Great Barrier Reef,GlobalArchive / Squidle+,FALSE
-16.4192,146.7261,61.76559809711762,Great Barrier Reef,GlobalArchive / Squidle+,FALSE
-16.5052,146.5731,57.18817077577114,Great Barrier Reef,GlobalArchive / Squidle+,FALSE
-16.5363,146.1813,47.46704249759205,Great Barrier Reef,GlobalArchive / Squidle+,FALSE
-15.954,146.4815,64.21546189812943,Great Barrier Reef,GlobalArchive / Squidle+,FALSE
-16.1367,146.5615,49.146190878236666,Great Barrier Reef,GlobalArchive / Squidle+,FALSE
-16.744,146.1934,56.974594068014994,Great Barrier Reef,GlobalArchive / Squidle+,FALSE
-15.9414,146.6459,69.24390315776691,Great Barrier Reef,GlobalArchive / Squidle+,FALSE
-16.4421,146.2226,71.27110963803716,Great Barrier Reef,GlobalArchive / Squidle+,FALSE
-16.7562,146.3627,61.85721464571543,Great Barrier Reef,GlobalArchive / Squidle+,FALSE
-16.4321,146.7971,67.36648935475387,Great Barrier Reef,GlobalArchive / Squidle+,FALSE
-16.5629,146.3858,72.53412171383388,Great Barrier Reef,GlobalArchive / Squidle+,FALSE
-16.4596,145.832,45.549601963721216,Great Barrier Reef,GlobalArchive / Squidle+,FALSE
-16.8894,146.3942,58.00382396788336,Great Barrier Reef,GlobalArchive / Squidle+,FALSE
-16.8279,145.82,56.72093496308662,Great Barrier Reef,GlobalArchive / Squidle+,FALSE
-15.9548,146.2893,67.00630400329828,Great Barrier Reef,GlobalArchive / Squidle+,FALSE
-16.1155,146.2452,72.73320683394559,Great Barrier Reef,GlobalArchive / Squidle+,FALSE
-16.8535,147.7698,32.09684876957908,Great Barrier Reef,GlobalArchive / Squidle+,FALSE
-16.86,146.6965,55.981248510070145,Great Barrier Reef,GlobalArchive / Squidle+,FALSE
-15.8107,146.6768,59.87093292293139,Great Barrier Reef,GlobalArchive / Squidle+,FALSE
-15.7364,146.5801,70.20391838159412,Great Barrier Reef,GlobalArchive / Squidle+,FALSE
-16.8109,146.2883,43.9881823270116,Great Barrier Reef,GlobalArchive / Squidle+,FALSE
-17.0209,145.4291,68.95946964388713,Great Barrier Reef,GlobalArchive / Squidle+,FALSE
-15.4506,147.2251,52.47423692140728,Great Barrier Reef,GlobalArchive / Squidle+,FALSE
-16.4081,146.2935,56.780022382736206,Great Barrier Reef,GlobalArchive / Squidle+,FALSE
-16.4253,146.1552,46.295643942430615,Great Barrier Reef,GlobalArchive / Squidle+,FALSE
-16.4695,146.248,65.82612929167226,Great Barrier Reef,GlobalArchive / Squidle+,FALSE
-15.9381,146.93,71.00212537567131,Great Barrier Reef,GlobalArchive / Squidle+,FALSE
-16.5767,146.7983,43.14415791188367,Great Barrier Reef,GlobalArchive / Squidle+,FALSE
-15.9162,147.0286,33.30844084499404,Great Barrier Reef,GlobalArchive / Squidle+,FALSE
-16.5883,146.6118,51.6281664208509,Great Barrier Reef,GlobalArchive / Squidle+,FALSE
-16.2979,146.454,74.66934952070005,Great Barrier Reef,GlobalArchive / Squidle+,FALSE
-16.9134,146.3999,73.8092867215164,Great Barrier Reef,GlobalArchive / Squidle+,FALSE
-16.4318,145.8771,37.44935509865172,Great Barrier Reef,GlobalArchive / Squidle+,FALSE
-16.0197,146.6038,57.004354004748166,Great Barrier Reef,GlobalArchive / Squidle+,FALSE
-16.5654,146.3651,34.64678353630006,Great Barrier Reef,GlobalArchive / Squidle+,FALSE
-15.987,146.3468,70.2694682800211,Great Barrier Reef,GlobalArchive / Squidle+,FALSE
-15.4091,146.9211,50.23797607398592,Great Barrier Reef,GlobalArchive / Squidle+,FALSE
-16.1232,146.9845,45.147619413910434,Great Barrier Reef,GlobalArchive / Squidle+,FALSE
-16.5994,147.4815,61.334920960944146,Great Barrier Reef,GlobalArchive / Squidle+,FALSE
-16.4614,146.686,30.391661231406033,Great Barrier Reef,GlobalArchive / Squidle+,FALSE
-16.6736,146.4621,63.914034138433635,Great Barrier Reef,GlobalArchive / Squidle+,FALSE
-15.6285,146.1367,38.25293619185686,Great Barrier Reef,GlobalArchive / Squidle+,FALSE
-17.6835,146.4867,60.661148296203464,Great Barrier Reef,GlobalArchive / Squidle+,FALSE
-16.4676,147.1882,48.27148365788162,Great Barrier Reef,GlobalArchive / Squidle+,FALSE
-16.4559,146.4055,52.40815760102123,Great Barrier Reef,GlobalArchive / Squidle+,FALSE
-16.4146,147.1835,35.0224881072063,Great Barrier Reef,GlobalArchive / Squidle+,FALSE
-17.1231,146.4109,59.348361399024725,Great Barrier Reef,GlobalArchive / Squidle+,FALSE
-16.4135,146.5841,66.0315150464885,Great Barrier Reef,GlobalArchive / Squidle+,FALSE
-16.4249,147.4924,67.47469206573442,Great Barrier Reef,GlobalArchive / Squidle+,FALSE
-15.9966,146.5109,52.34968593693338,Great Barrier Reef,GlobalArchive / Squidle+,FALSE
-16.2906,145.9189,59.86894029309042,Great Barrier Reef,GlobalArchive / Squidle+,FALSE
-16.0538,146.2305,37.51511053182185,Great Barrier Reef,GlobalArchive / Squidle+,FALSE
-16.883,146.0772,69.83148823259398,Great Barrier Reef,GlobalArchive / Squidle+,FALSE
-16.5498,146.5359,68.72820089687593,Great Barrier Reef,GlobalArchive / Squidle+,FALSE
-16.4233,146.2711,74.85138823860325,Great Barrier Reef,GlobalArchive / Squidle+,FALSE
-16.3911,146.6512,46.75827589002438,Great Barrier Reef,GlobalArchive / Squidle+,FALSE
-16.7775,147.1495,60.35230703651905,Great Barrier Reef,GlobalArchive / Squidle+,FALSE
-15.9083,146.1095,35.541647002100945,Great Barrier Reef,GlobalArchive / Squidle+,FALSE
-16.7447,146.0967,64.66170138912275,Great Barrier Reef,GlobalArchive / Squidle+,FALSE
-17.1457,146.3974,50.52820267737843,Great Barrier Reef,GlobalArchive / Squidle+,FALSE
-16.339,146.8531,71.55640406766906,Great Barrier Reef,GlobalArchive / Squidle+,FALSE
-16.2342,146.6504,55.295061722863466,Great Barrier Reef,GlobalArchive / Squidle+,FALSE
-16.1223,146.5418,58.92222229856998,Great Barrier Reef,GlobalArchive / Squidle+,FALSE
-16.8785,147.1287,74.61376982275397,Great Barrier Reef,GlobalArchive / Squidle+,FALSE
-16.5993,146.3925,70.41211413801648,Great Barrier Reef,GlobalArchive / Squidle+,FALSE
-17.0314,147.2394,57.20845840754919,Great Barrier Reef,GlobalArchive / Squidle+,FALSE
-16.1621,145.8958,68.48664400284179,Great Barrier Reef,GlobalArchive / Squidle+,FALSE
-16.3609,146.6124,46.07157635036856,Great Barrier Reef,GlobalArchive / Squidle+,FALSE
-16.1345,146.8617,59.114999470766634,Great Barrier Reef,GlobalArchive / Squidle+,FALSE
-16.2567,146.9555,37.24654590943828,Great Barrier Reef,GlobalArchive / Squidle+,FALSE
-16.743,145.9191,48.097100373124704,Great Barrier Reef,GlobalArchive / Squidle+,FALSE
-16.4281,146.2495,55.43710103491321,Great Barrier Reef,GlobalArchive / Squidle+,FALSE
-17.2634,145.7272,62.76564533240162,Great Barrier Reef,GlobalArchive / Squidle+,FALSE
-16.2988,146.4044,46.617806372232735,Great Barrier Reef,GlobalArchive / Squidle+,FALSE
-16.1124,146.2999,43.22692372603342,Great Barrier Reef,GlobalArchive / Squidle+,FALSE
-16.8503,146.895,65.82670690957457,Great Barrier Reef,GlobalArchive / Squidle+,FALSE
-17.3544,146.6662,52.09143645130098,Great Barrier Reef,GlobalArchive / Squidle+,FALSE
-17.1091,146.3816,57.27617236669175,Great Barrier Reef,GlobalArchive / Squidle+,FALSE
-16.9452,147.0449,41.821040738141164,Great Barrier Reef,GlobalArchive / Squidle+,FALSE
-16.0036,146.4423,71.72387335100211,Great Barrier Reef,GlobalArchive / Squidle+,FALSE
-16.4986,147.0263,69.4121548498515,Great Barrier Reef,GlobalArchive / Squidle+,FALSE
-16.9951,146.7666,56.461160075850785,Great Barrier Reef,GlobalArchive / Squidle+,FALSE
-16.2777,146.7645,49.48787708650343,Great Barrier Reef,GlobalArchive / Squidle+,FALSE
-17.3733,146.8627,33.6833859316539,Great Barrier Reef,GlobalArchive / Squidle+,FALSE
-16.5988,146.2518,74.99658505548723,Great Barrier Reef,GlobalArchive / Squidle+,FALSE
-16.0549,145.9354,38.54790526558645,Great Barrier Reef,GlobalArchive / Squidle+,FALSE
-16.6367,146.8241,66.17964265868068,Great Barrier Reef,GlobalArchive / Squidle+,FALSE
-15.9778,145.9796,52.10769676719792,Great Barrier Reef,GlobalArchive / Squidle+,FALSE
-15.7819,146.1386,67.47842266224325,Great Barrier Reef,GlobalArchive / Squidle+,FALSE
-16.9671,146.4125,62.690742026316,Great Barrier Reef,GlobalArchive / Squidle+,FALSE
-16.9609,146.7258,58.115586986532435,Great Barrier Reef,GlobalArchive / Squidle+,FALSE
-16.8658,146.7437,74.67611823230982,Great Barrier Reef,GlobalArchive / Squidle+,FALSE
-15.7885,151.2656,44.65639960253611,Coral Sea (Osprey/Lihou),Squidle+ / OBIS,FALSE
-15.666,152.0977,97.25819317856804,Coral Sea (Osprey/Lihou),Squidle+ / OBIS,FALSE
-15.5163,151.2915,96.36937863891944,Coral Sea (Osprey/Lihou),Squidle+ / OBIS,FALSE
-15.4802,152.9002,94.90654257824644,Coral Sea (Osprey/Lihou),Squidle+ / OBIS,FALSE
-15.5697,151.6228,32.30081439949572,Coral Sea (Osprey/Lihou),Squidle+ / OBIS,FALSE
-15.6241,152.6748,39.21496655093506,Coral Sea (Osprey/Lihou),Squidle+ / OBIS,FALSE
-15.9347,151.8645,84.64732908876613,Coral Sea (Osprey/Lihou),Squidle+ / OBIS,FALSE
-16.3553,152.2483,87.60314320446923,Coral Sea (Osprey/Lihou),Squidle+ / OBIS,FALSE
-16.2905,151.6789,37.25990561535582,Coral Sea (Osprey/Lihou),Squidle+ / OBIS,FALSE
-15.837,152.0466,38.50352590670809,Coral Sea (Osprey/Lihou),Squidle+ / OBIS,FALSE
-15.3266,152.2432,73.41483781579882,Coral Sea (Osprey/Lihou),Squidle+ / OBIS,FALSE
-15.3176,152.6112,55.267525683157146,Coral Sea (Osprey/Lihou),Squidle+ / OBIS,FALSE
-16.7705,151.7492,97.12918866891414,Coral Sea (Osprey/Lihou),Squidle+ / OBIS,FALSE
-16.3336,151.3743,102.57746189832687,Coral Sea (Osprey/Lihou),Squidle+ / OBIS,FALSE
-15.4323,151.5098,110.637478006538,Coral Sea (Osprey/Lihou),Squidle+ / OBIS,FALSE
-16.4256,152.0504,104.7032474912703,Coral Sea (Osprey/Lihou),Squidle+ / OBIS,FALSE
-16.6454,152.1037,92.9468027385883,Coral Sea (Osprey/Lihou),Squidle+ / OBIS,FALSE
-15.7601,151.8899,60.52292675245553,Coral Sea (Osprey/Lihou),Squidle+ / OBIS,FALSE
-15.3068,152.0199,79.27573677850887,Coral Sea (Osprey/Lihou),Squidle+ / OBIS,FALSE
-15.2262,151.8757,55.93900285894051,Coral Sea (Osprey/Lihou),Squidle+ / OBIS,FALSE
-15.7869,151.8314,111.76185474498197,Coral Sea (Osprey/Lihou),Squidle+ / OBIS,FALSE
-15.7121,152.8985,65.41265162173659,Coral Sea (Osprey/Lihou),Squidle+ / OBIS,FALSE
-15.776,152.0347,98.37535798083991,Coral Sea (Osprey/Lihou),Squidle+ / OBIS,FALSE
-16.0072,152.4894,117.37461054464802,Coral Sea (Osprey/Lihou),Squidle+ / OBIS,FALSE
-17.3487,153.0473,63.94805249059573,Coral Sea (Osprey/Lihou),Squidle+ / OBIS,FALSE
-15.6957,151.4698,30.314865270629525,Coral Sea (Osprey/Lihou),Squidle+ / OBIS,FALSE
-16.1565,151.9449,72.35681452788413,Coral Sea (Osprey/Lihou),Squidle+ / OBIS,FALSE
-15.596,151.9989,70.26432403363287,Coral Sea (Osprey/Lihou),Squidle+ / OBIS,FALSE
-16.2508,152.4824,67.6748745655641,Coral Sea (Osprey/Lihou),Squidle+ / OBIS,FALSE
-16.6538,151.8686,107.90312213357538,Coral Sea (Osprey/Lihou),Squidle+ / OBIS,FALSE
-15.5019,152.1257,38.03833644138649,Coral Sea (Osprey/Lihou),Squidle+ / OBIS,FALSE
-15.9274,152.0726,69.1742558288388,Coral Sea (Osprey/Lihou),Squidle+ / OBIS,FALSE
-14.6019,152.1499,106.65139004588127,Coral Sea (Osprey/Lihou),Squidle+ / OBIS,FALSE
-15.6338,151.743,40.69266967708245,Coral Sea (Osprey/Lihou),Squidle+ / OBIS,FALSE
-15.5806,153.0302,56.324456641450524,Coral Sea (Osprey/Lihou),Squidle+ / OBIS,FALSE
-15.6945,151.5437,96.81810164591298,Coral Sea (Osprey/Lihou),Squidle+ / OBIS,FALSE
-16.2414,151.8761,81.40091853914782,Coral Sea (Osprey/Lihou),Squidle+ / OBIS,FALSE
-16.1482,152.1665,102.88622837048024,Coral Sea (Osprey/Lihou),Squidle+ / OBIS,FALSE
-15.5761,152.1726,101.02353420574218,Coral Sea (Osprey/Lihou),Squidle+ / OBIS,FALSE
-15.578,151.5323,39.90421767812222,Coral Sea (Osprey/Lihou),Squidle+ / OBIS,FALSE
-15.7668,151.9399,55.407344587147236,Coral Sea (Osprey/Lihou),Squidle+ / OBIS,FALSE
-16.3946,151.4404,63.93602879717946,Coral Sea (Osprey/Lihou),Squidle+ / OBIS,FALSE
-15.3262,152.3669,43.150862962938845,Coral Sea (Osprey/Lihou),Squidle+ / OBIS,FALSE
-16.5467,151.6321,97.05734385643154,Coral Sea (Osprey/Lihou),Squidle+ / OBIS,FALSE
-16.1733,151.5495,34.51232588617131,Coral Sea (Osprey/Lihou),Squidle+ / OBIS,FALSE
-15.07,151.9977,49.74605746334419,Coral Sea (Osprey/Lihou),Squidle+ / OBIS,FALSE
-15.7904,151.4975,42.00322598218918,Coral Sea (Osprey/Lihou),Squidle+ / OBIS,FALSE
-15.6117,152.0851,73.50809891475365,Coral Sea (Osprey/Lihou),Squidle+ / OBIS,FALSE
-15.8492,151.7778,94.7064748685807,Coral Sea (Osprey/Lihou),Squidle+ / OBIS,FALSE
-16.3984,151.7487,66.44916091114283,Coral Sea (Osprey/Lihou),Squidle+ / OBIS,FALSE
-16.239,151.362,91.82258309796453,Coral Sea (Osprey/Lihou),Squidle+ / OBIS,FALSE
-15.9339,151.0094,68.8555710716173,Coral Sea (Osprey/Lihou),Squidle+ / OBIS,FALSE
-17.1714,152.4441,96.79307223530486,Coral Sea (Osprey/Lihou),Squidle+ / OBIS,FALSE
-16.3392,152.7042,68.85758746415377,Coral Sea (Osprey/Lihou),Squidle+ / OBIS,FALSE
-15.6806,152.5026,57.79800984542817,Coral Sea (Osprey/Lihou),Squidle+ / OBIS,FALSE
-16.1194,151.9674,111.071449178271,Coral Sea (Osprey/Lihou),Squidle+ / OBIS,FALSE
-16.1134,152.0589,87.06822600681335,Coral Sea (Osprey/Lihou),Squidle+ / OBIS,FALSE
-15.6522,152.1418,107.77847409714013,Coral Sea (Osprey/Lihou),Squidle+ / OBIS,FALSE
-16.2177,151.8651,78.63601373042911,Coral Sea (Osprey/Lihou),Squidle+ / OBIS,FALSE
-15.7485,152.1971,91.40773982740939,Coral Sea (Osprey/Lihou),Squidle+ / OBIS,FALSE
-16.5689,152.3319,52.185109751299024,Coral Sea (Osprey/Lihou),Squidle+ / OBIS,FALSE
-16.491,152.379,67.44528313167393,Coral Sea (Osprey/Lihou),Squidle+ / OBIS,FALSE
-16.6696,152.4662,79.63781812693924,Coral Sea (Osprey/Lihou),Squidle+ / OBIS,FALSE
-15.9662,151.8315,34.34761461568996,Coral Sea (Osprey/Lihou),Squidle+ / OBIS,FALSE
-16.0825,152.1338,40.52664496237412,Coral Sea (Osprey/Lihou),Squidle+ / OBIS,FALSE
-15.4233,151.9575,45.75694765895605,Coral Sea (Osprey/Lihou),Squidle+ / OBIS,FALSE
-16.0167,151.4852,57.17701982706785,Coral Sea (Osprey/Lihou),Squidle+ / OBIS,FALSE
-13.4585,120.6368,77.68590904190205,NW Australia (Browse/Scott),GlobalArchive,FALSE
-13.2219,120.8864,64.0701635403093,NW Australia (Browse/Scott),GlobalArchive,FALSE
-14.1964,121.1066,40.13622299185954,NW Australia (Browse/Scott),GlobalArchive,FALSE
-13.8446,121.4897,70.38548103300855,NW Australia (Browse/Scott),GlobalArchive,FALSE
-14.338,121.3286,50.77341909753159,NW Australia (Browse/Scott),GlobalArchive,FALSE
-13.7048,120.5009,56.39163937186822,NW Australia (Browse/Scott),GlobalArchive,FALSE
-14.4319,121.2405,77.44105021236464,NW Australia (Browse/Scott),GlobalArchive,FALSE
-14.4106,120.6365,60.21852796897292,NW Australia (Browse/Scott),GlobalArchive,FALSE
-13.8845,121.3601,35.2812386630103,NW Australia (Browse/Scott),GlobalArchive,FALSE
-13.9637,120.6185,66.90043680137023,NW Australia (Browse/Scott),GlobalArchive,FALSE
-13.895,120.5036,82.76503736502491,NW Australia (Browse/Scott),GlobalArchive,FALSE
-13.9723,121.0326,30.47056492534466,NW Australia (Browse/Scott),GlobalArchive,FALSE
-14.2115,120.6748,55.061407272005454,NW Australia (Browse/Scott),GlobalArchive,FALSE
-14.0521,121.4259,67.75743643636815,NW Australia (Browse/Scott),GlobalArchive,FALSE
-13.3519,120.5804,30.432731027249247,NW Australia (Browse/Scott),GlobalArchive,FALSE
-14.0072,121.2064,55.457184702390805,NW Australia (Browse/Scott),GlobalArchive,FALSE
-14.5274,121.3943,38.286496403161436,NW Australia (Browse/Scott),GlobalArchive,FALSE
-14.3378,120.8593,76.98091126629151,NW Australia (Browse/Scott),GlobalArchive,FALSE
-14.4407,121.1807,51.40569538343698,NW Australia (Browse/Scott),GlobalArchive,FALSE
-14.36,120.7626,42.464956192998216,NW Australia (Browse/Scott),GlobalArchive,FALSE
-14.5044,120.5454,80.44175845105201,NW Australia (Browse/Scott),GlobalArchive,FALSE
-15.0503,120.066,40.65695287077688,NW Australia (Browse/Scott),GlobalArchive,FALSE
-13.7324,120.6294,77.15479507111013,NW Australia (Browse/Scott),GlobalArchive,FALSE
-13.736,121.1581,38.80819539073855,NW Australia (Browse/Scott),GlobalArchive,FALSE
-14.1002,121.0297,71.92393077304587,NW Australia (Browse/Scott),GlobalArchive,FALSE
-14.2895,120.5774,65.86838106508367,NW Australia (Browse/Scott),GlobalArchive,FALSE
-14.3249,120.969,66.15472359233536,NW Australia (Browse/Scott),GlobalArchive,FALSE
-13.8405,120.0336,49.847937704762444,NW Australia (Browse/Scott),GlobalArchive,FALSE
-13.9094,121.3238,55.33016326487996,NW Australia (Browse/Scott),GlobalArchive,FALSE
-13.8313,120.6521,44.94411836960353,NW Australia (Browse/Scott),GlobalArchive,FALSE
-13.9981,120.95,46.789159345207736,NW Australia (Browse/Scott),GlobalArchive,FALSE
-13.7524,121.1645,51.04523444548249,NW Australia (Browse/Scott),GlobalArchive,FALSE
-13.8275,120.6598,37.43324684910476,NW Australia (Browse/Scott),GlobalArchive,FALSE
-13.7767,121.5866,43.470027110306546,NW Australia (Browse/Scott),GlobalArchive,FALSE
-13.8016,121.1228,76.43934319494292,NW Australia (Browse/Scott),GlobalArchive,FALSE
-13.3352,121.1719,39.99655199586414,NW Australia (Browse/Scott),GlobalArchive,FALSE
-14.422,121.3242,59.892008397728205,NW Australia (Browse/Scott),GlobalArchive,FALSE
-13.3967,121.3685,33.73346144100651,NW Australia (Browse/Scott),GlobalArchive,FALSE
-14.1337,121.2179,76.00599001627415,NW Australia (Browse/Scott),GlobalArchive,FALSE
-14.026,121.9478,50.746118567185476,NW Australia (Browse/Scott),GlobalArchive,FALSE
-13.9676,120.7588,84.41927155363373,NW Australia (Browse/Scott),GlobalArchive,FALSE
-14.1793,121.6243,78.40640898328274,NW Australia (Browse/Scott),GlobalArchive,FALSE
-15.0215,120.4585,66.74167657503858,NW Australia (Browse/Scott),GlobalArchive,FALSE
-14.1252,120.7968,63.07577065657824,NW Australia (Browse/Scott),GlobalArchive,FALSE
-13.9834,120.8087,54.16176913538948,NW Australia (Browse/Scott),GlobalArchive,FALSE
-14.6951,120.6407,67.27381541044451,NW Australia (Browse/Scott),GlobalArchive,FALSE
-13.78,121.0433,76.40480271424167,NW Australia (Browse/Scott),GlobalArchive,FALSE
-14.2389,121.26,31.009140897076577,NW Australia (Browse/Scott),GlobalArchive,FALSE
-13.4209,120.6718,48.07208916405216,NW Australia (Browse/Scott),GlobalArchive,FALSE
-13.8941,121.1439,30.4791403550189,NW Australia (Browse/Scott),GlobalArchive,FALSE
-14.3155,121.2533,66.83386914781295,NW Australia (Browse/Scott),GlobalArchive,FALSE
-13.9329,121.0391,45.807562824338675,NW Australia (Browse/Scott),GlobalArchive,FALSE
-13.897,120.6795,83.41493373620324,NW Australia (Browse/Scott),GlobalArchive,FALSE
-13.6352,120.5591,31.935042354743928,NW Australia (Browse/Scott),GlobalArchive,FALSE
-14.0627,120.6593,44.88077626330778,NW Australia (Browse/Scott),GlobalArchive,FALSE
-14.8134,121.2078,71.15519332583062,NW Australia (Browse/Scott),GlobalArchive,FALSE
-14.5199,121.7129,39.5769337087404,NW Australia (Browse/Scott),GlobalArchive,FALSE
-14.3429,120.76,76.76511341589503,NW Australia (Browse/Scott),GlobalArchive,FALSE
-13.8295,121.5888,37.861979838926345,NW Australia (Browse/Scott),GlobalArchive,FALSE
-14.1139,120.585,74.94241250911728,NW Australia (Browse/Scott),GlobalArchive,FALSE
-14.2457,120.7714,79.08465771819465,NW Australia (Browse/Scott),GlobalArchive,FALSE
-14.338,120.9693,54.71017334260978,NW Australia (Browse/Scott),GlobalArchive,FALSE
-13.9385,120.828,69.86676812637597,NW Australia (Browse/Scott),GlobalArchive,FALSE
-14.3406,121.0713,30.103709468385205,NW Australia (Browse/Scott),GlobalArchive,FALSE
-14.1592,121.334,79.40732746501453,NW Australia (Browse/Scott),GlobalArchive,FALSE
-14.376,121.4187,78.38278532377444,NW Australia (Browse/Scott),GlobalArchive,FALSE
-14.5553,121.305,72.55359441740438,NW Australia (Browse/Scott),GlobalArchive,FALSE
-13.6179,120.3978,63.269091250840575,NW Australia (Browse/Scott),GlobalArchive,FALSE
-14.527,120.7637,62.35493073705584,NW Australia (Browse/Scott),GlobalArchive,FALSE
-13.9708,120.8586,44.697451274842024,NW Australia (Browse/Scott),GlobalArchive,FALSE
-14.2273,121.2773,62.72281472105533,NW Australia (Browse/Scott),GlobalArchive,FALSE
-14.423400000000001,120.3737,66.35254633263685,NW Australia (Browse/Scott),GlobalArchive,FALSE
-13.8963,120.7288,59.30568533949554,NW Australia (Browse/Scott),GlobalArchive,FALSE
-13.8507,121.2661,80.5165842990391,NW Australia (Browse/Scott),GlobalArchive,FALSE
-13.4941,121.3821,43.60762177966535,NW Australia (Browse/Scott),GlobalArchive,FALSE
-13.8699,121.1164,78.47072220873088,NW Australia (Browse/Scott),GlobalArchive,FALSE
-14.0554,121.6738,60.28785262256861,NW Australia (Browse/Scott),GlobalArchive,FALSE
-12.959,120.0343,73.1357618898619,NW Australia (Browse/Scott),GlobalArchive,FALSE
-14.2601,121.092,50.928781860275194,NW Australia (Browse/Scott),GlobalArchive,FALSE
-14.4013,120.9728,61.104649166809395,NW Australia (Browse/Scott),GlobalArchive,FALSE
-14.214,120.5993,71.7429599177558,NW Australia (Browse/Scott),GlobalArchive,FALSE
-14.0442,120.776,49.479744975687936,NW Australia (Browse/Scott),GlobalArchive,FALSE
-13.7598,121.0962,37.8958266612608,NW Australia (Browse/Scott),GlobalArchive,FALSE
-13.8337,121.4856,78.96993290167302,NW Australia (Browse/Scott),GlobalArchive,FALSE
-14.0423,121.1009,37.005552041810006,NW Australia (Browse/Scott),GlobalArchive,FALSE
-14.3426,121.261,30.084120905958116,NW Australia (Browse/Scott),GlobalArchive,FALSE
-13.5491,120.6284,81.76734297070652,NW Australia (Browse/Scott),GlobalArchive,FALSE
-13.6335,120.8221,37.75492234970443,NW Australia (Browse/Scott),GlobalArchive,FALSE
-35.7898,174.4843,73.37880297098309,New Zealand,OBIS / Squidle+,FALSE
-35.2253,174.5572,63.57687566895038,New Zealand,OBIS / Squidle+,FALSE
-35.32,174.7117,120.42666633613408,New Zealand,OBIS / Squidle+,FALSE
-35.0819,174.4258,86.36497554369271,New Zealand,OBIS / Squidle+,FALSE
-35.4401,174.8067,114.87559875939041,New Zealand,OBIS / Squidle+,FALSE
-35.9564,174.6057,111.74761377740651,New Zealand,OBIS / Squidle+,FALSE
-35.179,173.9577,51.06237201951444,New Zealand,OBIS / Squidle+,FALSE
-35.7915,174.6436,77.1580722136423,New Zealand,OBIS / Squidle+,FALSE
-35.2891,173.8167,47.42535647936165,New Zealand,OBIS / Squidle+,FALSE
-34.8306,174.2456,47.39095158409327,New Zealand,OBIS / Squidle+,FALSE
-36.0675,174.6162,57.3577390704304,New Zealand,OBIS / Squidle+,FALSE
-34.8752,173.9785,31.249700831249356,New Zealand,OBIS / Squidle+,FALSE
-34.9587,174.4544,32.2870214888826,New Zealand,OBIS / Squidle+,FALSE
-35.7115,174.4628,90.37629824131727,New Zealand,OBIS / Squidle+,FALSE
-35.6005,174.451,92.64050744939595,New Zealand,OBIS / Squidle+,FALSE
-35.7743,174.1467,109.0365821449086,New Zealand,OBIS / Squidle+,FALSE
-35.7281,174.7401,59.89842912647873,New Zealand,OBIS / Squidle+,FALSE
-35.2681,174.7869,92.79254471883178,New Zealand,OBIS / Squidle+,FALSE
-35.8596,174.3437,37.753270864486694,New Zealand,OBIS / Squidle+,FALSE
-35.5761,174.6712,118.09755477122962,New Zealand,OBIS / Squidle+,FALSE
-35.5576,174.1652,49.664718699641526,New Zealand,OBIS / Squidle+,FALSE
-35.5386,174.509,46.324967285618186,New Zealand,OBIS / Squidle+,FALSE
-35.4274,174.804,118.76217855140567,New Zealand,OBIS / Squidle+,FALSE
-34.8614,174.5983,41.231368384324014,New Zealand,OBIS / Squidle+,FALSE
-35.6805,174.5566,117.40821499377489,New Zealand,OBIS / Squidle+,FALSE
-35.818,175.0362,90.02308567985892,New Zealand,OBIS / Squidle+,FALSE
-35.1831,174.2004,118.26854878570884,New Zealand,OBIS / Squidle+,FALSE
-35.3478,174.8106,34.08293977379799,New Zealand,OBIS / Squidle+,FALSE
-35.4057,174.5913,55.073211337439716,New Zealand,OBIS / Squidle+,FALSE
-35.2636,174.2054,120.0136236101389,New Zealand,OBIS / Squidle+,FALSE
-36.0648,174.4718,123.90705646947026,New Zealand,OBIS / Squidle+,FALSE
-35.0747,174.3495,31.303544244728982,New Zealand,OBIS / Squidle+,FALSE
-35.3184,174.7653,49.15193742606789,New Zealand,OBIS / Squidle+,FALSE
-35.1195,174.6643,102.78130201157182,New Zealand,OBIS / Squidle+,FALSE
-35.7394,173.7673,104.27871143445373,New Zealand,OBIS / Squidle+,FALSE
-36.2368,175.1594,109.8000677023083,New Zealand,OBIS / Squidle+,FALSE
-35.6938,173.6468,72.96570064034313,New Zealand,OBIS / Squidle+,FALSE
-35.8627,174.7748,42.6078434754163,New Zealand,OBIS / Squidle+,FALSE
-34.6109,174.2005,122.22016669809818,New Zealand,OBIS / Squidle+,FALSE
-35.6654,174.9276,91.94155293051153,New Zealand,OBIS / Squidle+,FALSE
-35.5863,174.6587,105.65652339253575,New Zealand,OBIS / Squidle+,FALSE
-35.0748,175.0541,126.19419206865132,New Zealand,OBIS / Squidle+,FALSE
-35.2519,174.4288,36.104798801243305,New Zealand,OBIS / Squidle+,FALSE
-35.2308,173.528,31.900489325635135,New Zealand,OBIS / Squidle+,FALSE
-34.4465,174.4072,122.78887917753309,New Zealand,OBIS / Squidle+,FALSE
-35.4336,174.5424,50.175467198714614,New Zealand,OBIS / Squidle+,FALSE
-34.7379,174.987,66.66889038868248,New Zealand,OBIS / Squidle+,FALSE
-35.3985,174.0313,120.38183055818081,New Zealand,OBIS / Squidle+,FALSE
-36.0836,174.3934,54.24943794030696,New Zealand,OBIS / Squidle+,FALSE
-36.3909,174.3181,68.35085502360016,New Zealand,OBIS / Squidle+,FALSE
-35.2401,175.102,66.78643486928195,New Zealand,OBIS / Squidle+,FALSE
-35.8997,173.851,62.44670401327312,New Zealand,OBIS / Squidle+,FALSE
-35.4832,174.9236,41.21103782206774,New Zealand,OBIS / Squidle+,FALSE
-34.7892,174.9628,119.53590525779873,New Zealand,OBIS / Squidle+,FALSE
-35.3611,174.4544,61.19004173204303,New Zealand,OBIS / Squidle+,FALSE
-35.6148,174.8421,102.12256009224802,New Zealand,OBIS / Squidle+,FALSE
-36.2698,174.7045,40.53477332461625,New Zealand,OBIS / Squidle+,FALSE
-35.8203,174.2142,84.69870215747505,New Zealand,OBIS / Squidle+,FALSE
-35.7302,174.222,122.76954724919051,New Zealand,OBIS / Squidle+,FALSE
-35.2263,173.691,81.37025616131723,New Zealand,OBIS / Squidle+,FALSE
-35.3066,175.1326,76.97065616492182,New Zealand,OBIS / Squidle+,FALSE
-35.4944,175.0187,116.05360048823059,New Zealand,OBIS / Squidle+,FALSE
-35.4279,175.0081,31.071409601718187,New Zealand,OBIS / Squidle+,FALSE
-35.6152,174.4936,45.970701491460204,New Zealand,OBIS / Squidle+,FALSE
-35.4879,174.2673,40.85029544774443,New Zealand,OBIS / Squidle+,FALSE
-35.3913,173.8386,89.35026330407709,New Zealand,OBIS / Squidle+,FALSE
-35.3203,174.2702,67.49661955516785,New Zealand,OBIS / Squidle+,FALSE
-34.7689,174.137,82.23521201405674,New Zealand,OBIS / Squidle+,FALSE
-35.9448,173.9538,30.257926573976874,New Zealand,OBIS / Squidle+,FALSE
-34.9101,174.6233,67.59215376339853,New Zealand,OBIS / Squidle+,FALSE
-35.2314,174.3109,31.73837710171938,New Zealand,OBIS / Squidle+,FALSE
-36.1181,174.6785,49.12201950326562,New Zealand,OBIS / Squidle+,FALSE
-35.6108,174.1899,34.39583561383188,New Zealand,OBIS / Squidle+,FALSE
-35.7517,175.3243,67.37875730730593,New Zealand,OBIS / Squidle+,FALSE
-35.8732,175.5342,113.79722055979073,New Zealand,OBIS / Squidle+,FALSE
-36.1152,175.0999,66.85318080242723,New Zealand,OBIS / Squidle+,FALSE
-35.6976,174.4599,90.56260543409735,New Zealand,OBIS / Squidle+,FALSE
-35.6741,174.7589,52.133368253707886,New Zealand,OBIS / Squidle+,FALSE
-35.6294,173.9382,71.79111155681312,New Zealand,OBIS / Squidle+,FALSE
-36.3244,173.9664,119.47070552967489,New Zealand,OBIS / Squidle+,FALSE
-35.3234,174.3213,37.78151783160865,New Zealand,OBIS / Squidle+,FALSE
-35.2015,175.1762,108.51649112999439,New Zealand,OBIS / Squidle+,FALSE
-35.1841,174.4107,61.62549079861492,New Zealand,OBIS / Squidle+,FALSE
-35.1917,174.8694,83.59508867841214,New Zealand,OBIS / Squidle+,FALSE
-35.4198,174.4802,41.52948571834713,New Zealand,OBIS / Squidle+,FALSE
-34.9127,174.3612,105.70083611644804,New Zealand,OBIS / Squidle+,FALSE
-35.8506,174.5797,84.43815998733044,New Zealand,OBIS / Squidle+,FALSE
-35.9906,174.4471,98.5937442118302,New Zealand,OBIS / Squidle+,FALSE
-35.3649,175.0817,100.72325532790273,New Zealand,OBIS / Squidle+,FALSE
-35.3237,173.9717,93.71195411775261,New Zealand,OBIS / Squidle+,FALSE
-35.7986,174.5437,72.2483978793025,New Zealand,OBIS / Squidle+,FALSE
-35.4854,174.4898,119.76597059518099,New Zealand,OBIS / Squidle+,FALSE
-35.3707,174.4459,91.9875778676942,New Zealand,OBIS / Squidle+,FALSE
-35.3481,174.2438,60.1533168181777,New Zealand,OBIS / Squidle+,FALSE
-35.1494,174.787,115.69930451922119,New Zealand,OBIS / Squidle+,FALSE
-35.1266,173.9092,114.26331758964807,New Zealand,OBIS / Squidle+,FALSE
-36.4715,174.8016,81.32382018491626,New Zealand,OBIS / Squidle+,FALSE
-34.8088,173.6241,101.7159477993846,New Zealand,OBIS / Squidle+,FALSE
-35.3176,175.1212,45.0199634488672,New Zealand,OBIS / Squidle+,FALSE
-35.7281,174.7808,30.5057753296569,New Zealand,OBIS / Squidle+,FALSE
-35.9458,174.5206,127.05618859734386,New Zealand,OBIS / Squidle+,FALSE
-35.138,173.5288,37.49001665972173,New Zealand,OBIS / Squidle+,FALSE
-35.3688,174.4656,89.5939762191847,New Zealand,OBIS / Squidle+,FALSE
-35.0688,174.2047,64.29226479493082,New Zealand,OBIS / Squidle+,FALSE
-35.5241,174.9671,61.4307909226045,New Zealand,OBIS / Squidle+,FALSE
-35.5974,173.8469,120.93674970790744,New Zealand,OBIS / Squidle+,FALSE
-34.6034,173.8547,74.14249954279512,New Zealand,OBIS / Squidle+,FALSE
-36.3144,174.4101,112.95692075043917,New Zealand,OBIS / Squidle+,FALSE
-35.3436,174.4779,89.84509428963065,New Zealand,OBIS / Squidle+,FALSE
-35.3461,174.2491,104.58038770128042,New Zealand,OBIS / Squidle+,FALSE
-35.3245,174.4263,74.16257238481194,New Zealand,OBIS / Squidle+,FALSE
-35.2767,174.3948,57.42199641652405,New Zealand,OBIS / Squidle+,FALSE
-35.6106,174.2897,54.20009209308773,New Zealand,OBIS / Squidle+,FALSE
-35.0335,174.2299,82.44108238257468,New Zealand,OBIS / Squidle+,FALSE
-36.4817,174.4373,104.34625732712448,New Zealand,OBIS / Squidle+,FALSE
-35.8222,174.8877,78.45561343245208,New Zealand,OBIS / Squidle+,FALSE
-35.5477,175.2453,76.31524302531034,New Zealand,OBIS / Squidle+,FALSE
-35.4347,174.9075,72.92415424715728,New Zealand,OBIS / Squidle+,FALSE
-35.3374,174.5183,56.881092390976846,New Zealand,OBIS / Squidle+,FALSE
-35.2443,174.0193,43.9514776179567,New Zealand,OBIS / Squidle+,FALSE
-36.1034,174.8637,33.10883317142725,New Zealand,OBIS / Squidle+,FALSE
-35.4969,175.0848,67.11959205102175,New Zealand,OBIS / Squidle+,FALSE
-35.2903,174.4261,58.90658797696233,New Zealand,OBIS / Squidle+,FALSE
-34.9695,174.4239,44.27964789327234,New Zealand,OBIS / Squidle+,FALSE
-35.5454,174.9973,94.5574719645083,New Zealand,OBIS / Squidle+,FALSE
-34.8603,174.5742,113.85646776296198,New Zealand,OBIS / Squidle+,FALSE
-35.6126,175.4084,104.13872524630278,New Zealand,OBIS / Squidle+,FALSE
-35.52,174.4794,60.25157747324556,New Zealand,OBIS / Squidle+,FALSE
-35.4359,173.8538,40.127141582779586,New Zealand,OBIS / Squidle+,FALSE
-35.701,174.9232,84.99754338525236,New Zealand,OBIS / Squidle+,FALSE
-35.2136,174.6448,123.46463815309107,New Zealand,OBIS / Squidle+,FALSE
-36.0383,174.3936,113.84181938599795,New Zealand,OBIS / Squidle+,FALSE
-35.5023,173.9977,44.26484938710928,New Zealand,OBIS / Squidle+,FALSE
-35.7162,174.8506,104.56447733566165,New Zealand,OBIS / Squidle+,FALSE
-35.7188,174.7371,57.08917350973934,New Zealand,OBIS / Squidle+,FALSE
-35.0394,174.6086,41.56076036859304,New Zealand,OBIS / Squidle+,FALSE
-35.0791,175.1213,87.03044652473181,New Zealand,OBIS / Squidle+,FALSE
-34.8608,174.0745,30.33225007355213,New Zealand,OBIS / Squidle+,FALSE
-35.6055,174.5827,96.20363334659487,New Zealand,OBIS / Squidle+,FALSE
-35.487,174.4004,68.950553862378,New Zealand,OBIS / Squidle+,FALSE
-36.1206,174.7062,79.17073126416653,New Zealand,OBIS / Squidle+,FALSE
-35.6553,174.6771,106.79995545186102,New Zealand,OBIS / Squidle+,FALSE
-34.7943,174.4532,57.6736022438854,New Zealand,OBIS / Squidle+,FALSE
20.8334,-158.0991,83.5709508229047,Hawaii,OBIS / Asher et al. 2017,FALSE
20.5335,-157.4811,34.824335211887956,Hawaii,OBIS / Asher et al. 2017,FALSE
21.0168,-156.9079,94.90856168791652,Hawaii,OBIS / Asher et al. 2017,FALSE
21.4986,-158.2858,47.42608856409788,Hawaii,OBIS / Asher et al. 2017,FALSE
20.3688,-157.7154,101.9958819821477,Hawaii,OBIS / Asher et al. 2017,FALSE
20.8985,-157.2989,102.5205076765269,Hawaii,OBIS / Asher et al. 2017,FALSE
21.1871,-157.9373,72.31578882783651,Hawaii,OBIS / Asher et al. 2017,FALSE
21.791,-157.9104,106.5625464823097,Hawaii,OBIS / Asher et al. 2017,FALSE
20.7538,-157.9048,65.99955269135535,Hawaii,OBIS / Asher et al. 2017,FALSE
21.6078,-157.8131,101.67162101715803,Hawaii,OBIS / Asher et al. 2017,FALSE
20.8268,-157.3562,60.25910879485309,Hawaii,OBIS / Asher et al. 2017,FALSE
20.5876,-156.7006,86.64234559983015,Hawaii,OBIS / Asher et al. 2017,FALSE
20.5463,-157.2784,93.07780520059168,Hawaii,OBIS / Asher et al. 2017,FALSE
20.9116,-157.8233,89.38494857400656,Hawaii,OBIS / Asher et al. 2017,FALSE
20.991,-157.7228,133.11738506890833,Hawaii,OBIS / Asher et al. 2017,FALSE
20.8708,-157.9342,94.89432795904577,Hawaii,OBIS / Asher et al. 2017,FALSE
21.4209,-157.7879,124.30558864027262,Hawaii,OBIS / Asher et al. 2017,FALSE
21.0758,-157.777,149.85119207762182,Hawaii,OBIS / Asher et al. 2017,FALSE
20.9577,-156.9346,73.54972628876567,Hawaii,OBIS / Asher et al. 2017,FALSE
20.759,-157.2436,90.26647545397282,Hawaii,OBIS / Asher et al. 2017,FALSE
20.4816,-158.187,113.96989077329636,Hawaii,OBIS / Asher et al. 2017,FALSE
20.2163,-157.1695,48.34508749656379,Hawaii,OBIS / Asher et al. 2017,FALSE
21.0854,-156.9877,60.212484346702695,Hawaii,OBIS / Asher et al. 2017,FALSE
21.0101,-157.5925,132.58135079406202,Hawaii,OBIS / Asher et al. 2017,FALSE
21.546,-156.9565,105.11195831000805,Hawaii,OBIS / Asher et al. 2017,FALSE
21.1164,-157.3635,141.34311891160905,Hawaii,OBIS / Asher et al. 2017,FALSE
21.3189,-157.2431,40.437827249988914,Hawaii,OBIS / Asher et al. 2017,FALSE
21.0164,-157.6285,125.89717830531299,Hawaii,OBIS / Asher et al. 2017,FALSE
20.6727,-156.9239,55.8946137316525,Hawaii,OBIS / Asher et al. 2017,FALSE
21.1159,-157.4785,84.24676129594445,Hawaii,OBIS / Asher et al. 2017,FALSE
21.1359,-157.6079,118.71472684666514,Hawaii,OBIS / Asher et al. 2017,FALSE
20.673,-157.3133,37.00190487317741,Hawaii,OBIS / Asher et al. 2017,FALSE
20.9885,-157.5443,95.66474195569754,Hawaii,OBIS / Asher et al. 2017,FALSE
21.8003,-157.6024,123.51723753847182,Hawaii,OBIS / Asher et al. 2017,FALSE
20.5483,-157.2096,112.71023472771049,Hawaii,OBIS / Asher et al. 2017,FALSE
21.5889,-157.5804,134.76009788922966,Hawaii,OBIS / Asher et al. 2017,FALSE
20.9092,-157.6691,127.7244613878429,Hawaii,OBIS / Asher et al. 2017,FALSE
21.5929,-157.7169,43.89808874577284,Hawaii,OBIS / Asher et al. 2017,FALSE
20.6628,-158.0561,31.897854544222355,Hawaii,OBIS / Asher et al. 2017,FALSE
20.9735,-156.8571,47.68104552291334,Hawaii,OBIS / Asher et al. 2017,FALSE
21.1245,-157.7611,51.12618184648454,Hawaii,OBIS / Asher et al. 2017,FALSE
20.955,-157.6521,59.6414787042886,Hawaii,OBIS / Asher et al. 2017,FALSE
21.2635,-157.4653,148.89875602908432,Hawaii,OBIS / Asher et al. 2017,FALSE
20.9333,-157.7596,51.799459950998425,Hawaii,OBIS / Asher et al. 2017,FALSE
21.4835,-158.3066,30.20475508645177,Hawaii,OBIS / Asher et al. 2017,FALSE
21.0682,-157.3206,88.64224003627896,Hawaii,OBIS / Asher et al. 2017,FALSE
21.277,-157.2906,68.60411759465933,Hawaii,OBIS / Asher et al. 2017,FALSE
20.5258,-157.5984,33.09379798360169,Hawaii,OBIS / Asher et al. 2017,FALSE
20.7366,-157.7178,86.27000595442951,Hawaii,OBIS / Asher et al. 2017,FALSE
21.4358,-157.8215,96.88685350120068,Hawaii,OBIS / Asher et al. 2017,FALSE
21.2035,-156.7182,45.49287009984255,Hawaii,OBIS / Asher et al. 2017,FALSE
20.9456,-157.6188,73.12744279392064,Hawaii,OBIS / Asher et al. 2017,FALSE
20.9565,-157.5142,83.22055581025779,Hawaii,OBIS / Asher et al. 2017,FALSE
21.302,-157.4571,138.8385715149343,Hawaii,OBIS / Asher et al. 2017,FALSE
20.9105,-157.5922,105.49743111245334,Hawaii,OBIS / Asher et al. 2017,FALSE
21.03,-156.544,47.39702822640538,Hawaii,OBIS / Asher et al. 2017,FALSE
20.3416,-157.5047,98.93522378057241,Hawaii,OBIS / Asher et al. 2017,FALSE
21.7096,-157.9356,146.23963021673262,Hawaii,OBIS / Asher et al. 2017,FALSE
21.3064,-157.3745,132.32894629240036,Hawaii,OBIS / Asher et al. 2017,FALSE
21.3329,-157.0617,81.7595649138093,Hawaii,OBIS / Asher et al. 2017,FALSE
20.2378,-157.9076,146.77124541252851,Hawaii,OBIS / Asher et al. 2017,FALSE
20.9917,-156.8316,95.0799573585391,Hawaii,OBIS / Asher et al. 2017,FALSE
20.8364,-157.3899,77.02817774377763,Hawaii,OBIS / Asher et al. 2017,FALSE
20.4494,-157.5727,54.99630960635841,Hawaii,OBIS / Asher et al. 2017,FALSE
21.291,-157.1531,91.54785127379,Hawaii,OBIS / Asher et al. 2017,FALSE
21.4937,-158.0611,34.016303680837154,Hawaii,OBIS / Asher et al. 2017,FALSE
20.7787,-156.9071,63.03578758612275,Hawaii,OBIS / Asher et al. 2017,FALSE
20.9083,-157.7367,37.181404223665595,Hawaii,OBIS / Asher et al. 2017,FALSE
21.6846,-157.854,109.60884774103761,Hawaii,OBIS / Asher et al. 2017,FALSE
20.3401,-157.711,95.47708765603602,Hawaii,OBIS / Asher et al. 2017,FALSE
21.2977,-157.4876,149.8186700977385,Hawaii,OBIS / Asher et al. 2017,FALSE
20.8744,-157.8786,88.7850216217339,Hawaii,OBIS / Asher et al. 2017,FALSE
20.9539,-158.4996,92.87477720528841,Hawaii,OBIS / Asher et al. 2017,FALSE
20.7556,-157.4417,138.0712642427534,Hawaii,OBIS / Asher et al. 2017,FALSE
21.4387,-157.1565,55.980011969804764,Hawaii,OBIS / Asher et al. 2017,FALSE
20.5491,-157.584,84.40060221590102,Hawaii,OBIS / Asher et al. 2017,FALSE
21.385,-157.3405,101.13400904461741,Hawaii,OBIS / Asher et al. 2017,FALSE
21.5626,-157.1955,138.09179993346334,Hawaii,OBIS / Asher et al. 2017,FALSE
20.3433,-157.8862,54.784327168017626,Hawaii,OBIS / Asher et al. 2017,FALSE
20.5492,-156.8183,144.64566260576248,Hawaii,OBIS / Asher et al. 2017,FALSE
21.2366,-157.8263,59.840968921780586,Hawaii,OBIS / Asher et al. 2017,FALSE
20.6175,-157.4798,102.76591094210744,Hawaii,OBIS / Asher et al. 2017,FALSE
20.7234,-156.7727,137.33510331250727,Hawaii,OBIS / Asher et al. 2017,FALSE
20.8219,-157.4065,130.5077525228262,Hawaii,OBIS / Asher et al. 2017,FALSE
20.8622,-157.5115,129.05859231948853,Hawaii,OBIS / Asher et al. 2017,FALSE
21.2815,-157.9541,71.49251667782664,Hawaii,OBIS / Asher et al. 2017,FALSE
20.7588,-157.963,149.09187708981335,Hawaii,OBIS / Asher et al. 2017,FALSE
21.0357,-157.7189,37.04105347394943,Hawaii,OBIS / Asher et al. 2017,FALSE
21.295,-157.6734,39.224437437951565,Hawaii,OBIS / Asher et al. 2017,FALSE
20.3838,-156.835,80.33906637690961,Hawaii,OBIS / Asher et al. 2017,FALSE
20.7241,-157.7253,122.17106144875288,Hawaii,OBIS / Asher et al. 2017,FALSE
21.3439,-157.9582,81.4390679821372,Hawaii,OBIS / Asher et al. 2017,FALSE
20.8494,-157.2163,59.78813267312944,Hawaii,OBIS / Asher et al. 2017,FALSE
19.986,-157.4359,44.016421996057034,Hawaii,OBIS / Asher et al. 2017,FALSE
20.6569,-157.4547,42.4596537463367,Hawaii,OBIS / Asher et al. 2017,FALSE
21.3264,-156.9019,84.54908285290003,Hawaii,OBIS / Asher et al. 2017,FALSE
20.8294,-157.0907,94.73701279610395,Hawaii,OBIS / Asher et al. 2017,FALSE
20.8381,-157.0302,142.21484206616879,Hawaii,OBIS / Asher et al. 2017,FALSE
20.9417,-157.5978,91.05250638909638,Hawaii,OBIS / Asher et al. 2017,FALSE
21.2878,-157.5668,70.2395417355001,Hawaii,OBIS / Asher et al. 2017,FALSE
20.8036,-157.5336,115.097472416237,Hawaii,OBIS / Asher et al. 2017,FALSE
21.1904,-157.8306,145.88773210532963,Hawaii,OBIS / Asher et al. 2017,FALSE
21.2293,-157.9758,77.4907507840544,Hawaii,OBIS / Asher et al. 2017,FALSE
20.5925,-157.3427,49.10181504674256,Hawaii,OBIS / Asher et al. 2017,FALSE
20.9753,-157.5723,120.36377515643835,Hawaii,OBIS / Asher et al. 2017,FALSE
20.7847,-157.4991,40.966759230941534,Hawaii,OBIS / Asher et al. 2017,FALSE
21.1668,-157.0269,63.95118095912039,Hawaii,OBIS / Asher et al. 2017,FALSE
20.3967,-157.7755,38.44630912877619,Hawaii,OBIS / Asher et al. 2017,FALSE
21.6157,-156.7146,79.23221393488348,Hawaii,OBIS / Asher et al. 2017,FALSE
21.5384,-157.6768,106.60325177013874,Hawaii,OBIS / Asher et al. 2017,FALSE
20.6629,-157.1876,56.88040718436241,Hawaii,OBIS / Asher et al. 2017,FALSE
20.7321,-157.9537,77.30525591410697,Hawaii,OBIS / Asher et al. 2017,FALSE
20.6366,-157.3908,148.67237029597163,Hawaii,OBIS / Asher et al. 2017,FALSE
20.9454,-157.8055,96.13639089278877,Hawaii,OBIS / Asher et al. 2017,FALSE
20.7996,-157.795,146.73570868559182,Hawaii,OBIS / Asher et al. 2017,FALSE
21.0451,-158.0026,129.97999526560307,Hawaii,OBIS / Asher et al. 2017,FALSE
20.2499,-157.5068,56.16746990941465,Hawaii,OBIS / Asher et al. 2017,FALSE
21.0634,-157.1958,139.70927313901484,Hawaii,OBIS / Asher et al. 2017,FALSE
21.0062,-157.5687,114.65999979525805,Hawaii,OBIS / Asher et al. 2017,FALSE
20.3598,-157.6061,67.90531514212489,Hawaii,OBIS / Asher et al. 2017,FALSE
21.1104,-157.6696,86.83432803489268,Hawaii,OBIS / Asher et al. 2017,FALSE
21.022,-157.2243,144.0924401488155,Hawaii,OBIS / Asher et al. 2017,FALSE
20.9078,-157.0798,120.53649852052331,Hawaii,OBIS / Asher et al. 2017,FALSE
20.9947,-158.3776,83.04542946629226,Hawaii,OBIS / Asher et al. 2017,FALSE
21.154,-157.7012,92.22058488987386,Hawaii,OBIS / Asher et al. 2017,FALSE
21.1387,-157.1479,74.33828182518482,Hawaii,OBIS / Asher et al. 2017,FALSE
20.8274,-156.8807,48.132657408714294,Hawaii,OBIS / Asher et al. 2017,FALSE
21.4601,-157.2688,40.501051023602486,Hawaii,OBIS / Asher et al. 2017,FALSE
20.9854,-157.5523,78.37176617234945,Hawaii,OBIS / Asher et al. 2017,FALSE
20.9457,-157.2569,47.85036918707192,Hawaii,OBIS / Asher et al. 2017,FALSE
21.3778,-157.413,42.01527088880539,Hawaii,OBIS / Asher et al. 2017,FALSE
21.3968,-157.2895,85.57102806866169,Hawaii,OBIS / Asher et al. 2017,FALSE
20.7197,-157.3152,35.873451959341764,Hawaii,OBIS / Asher et al. 2017,FALSE
20.6036,-156.8984,100.42273418046534,Hawaii,OBIS / Asher et al. 2017,FALSE
25.2178,-82.8588,102.31911342125386,Florida / Gulf of Mexico,OBIS / Sherman et al. 2023,FALSE
25.0297,-83.1596,51.27085991203785,Florida / Gulf of Mexico,OBIS / Sherman et al. 2023,FALSE
24.7875,-82.5906,129.4212972209789,Florida / Gulf of Mexico,OBIS / Sherman et al. 2023,FALSE
25.6242,-83.3203,142.50965922372416,Florida / Gulf of Mexico,OBIS / Sherman et al. 2023,FALSE
25.442,-83.1191,114.43761534290388,Florida / Gulf of Mexico,OBIS / Sherman et al. 2023,FALSE
25.757,-83.9604,146.84302096255124,Florida / Gulf of Mexico,OBIS / Sherman et al. 2023,FALSE
25.4993,-82.9224,133.36670570774004,Florida / Gulf of Mexico,OBIS / Sherman et al. 2023,FALSE
25.6637,-82.7478,33.42174830613658,Florida / Gulf of Mexico,OBIS / Sherman et al. 2023,FALSE
25.3016,-83.6889,115.36005675327033,Florida / Gulf of Mexico,OBIS / Sherman et al. 2023,FALSE
25.116,-81.9844,60.91814486775547,Florida / Gulf of Mexico,OBIS / Sherman et al. 2023,FALSE
25.8113,-83.3728,145.5426420364529,Florida / Gulf of Mexico,OBIS / Sherman et al. 2023,FALSE
25.8044,-83.5168,129.34621685184538,Florida / Gulf of Mexico,OBIS / Sherman et al. 2023,FALSE
24.8065,-83.1317,32.653509923256934,Florida / Gulf of Mexico,OBIS / Sherman et al. 2023,FALSE
25.8509,-82.8803,138.30945560708642,Florida / Gulf of Mexico,OBIS / Sherman et al. 2023,FALSE
24.7907,-83.1761,109.0492490795441,Florida / Gulf of Mexico,OBIS / Sherman et al. 2023,FALSE
25.4817,-82.8012,105.15217753360048,Florida / Gulf of Mexico,OBIS / Sherman et al. 2023,FALSE
25.3421,-83.3562,158.58773980056867,Florida / Gulf of Mexico,OBIS / Sherman et al. 2023,FALSE
25.4488,-82.7073,89.18422265676782,Florida / Gulf of Mexico,OBIS / Sherman et al. 2023,FALSE
25.9385,-82.9492,124.08252695575356,Florida / Gulf of Mexico,OBIS / Sherman et al. 2023,FALSE
24.9979,-82.2444,98.21397591149434,Florida / Gulf of Mexico,OBIS / Sherman et al. 2023,FALSE
25.3938,-82.8481,41.15314474795014,Florida / Gulf of Mexico,OBIS / Sherman et al. 2023,FALSE
26.5213,-83.0179,117.56263625342399,Florida / Gulf of Mexico,OBIS / Sherman et al. 2023,FALSE
24.9087,-82.9456,34.829926050733775,Florida / Gulf of Mexico,OBIS / Sherman et al. 2023,FALSE
25.2494,-82.7799,104.84448795206845,Florida / Gulf of Mexico,OBIS / Sherman et al. 2023,FALSE
25.4836,-83.3232,144.74731629015878,Florida / Gulf of Mexico,OBIS / Sherman et al. 2023,FALSE
25.58,-83.4028,159.93690596427768,Florida / Gulf of Mexico,OBIS / Sherman et al. 2023,FALSE
25.2867,-82.6567,101.74678774084896,Florida / Gulf of Mexico,OBIS / Sherman et al. 2023,FALSE
25.3936,-82.9662,59.359150901436806,Florida / Gulf of Mexico,OBIS / Sherman et al. 2023,FALSE
25.9337,-83.5927,138.92997330520302,Florida / Gulf of Mexico,OBIS / Sherman et al. 2023,FALSE
25.4277,-83.3861,62.33904118882492,Florida / Gulf of Mexico,OBIS / Sherman et al. 2023,FALSE
25.6006,-82.9586,86.94993644487113,Florida / Gulf of Mexico,OBIS / Sherman et al. 2023,FALSE
25.6478,-82.5291,127.56328814430162,Florida / Gulf of Mexico,OBIS / Sherman et al. 2023,FALSE
25.6628,-82.923,34.64885625289753,Florida / Gulf of Mexico,OBIS / Sherman et al. 2023,FALSE
25.697,-83.0029,142.8354652528651,Florida / Gulf of Mexico,OBIS / Sherman et al. 2023,FALSE
25.5219,-83.1849,157.29117815149948,Florida / Gulf of Mexico,OBIS / Sherman et al. 2023,FALSE
25.2165,-83.2898,100.24996705818921,Florida / Gulf of Mexico,OBIS / Sherman et al. 2023,FALSE
25.4767,-83.2556,68.97161980625242,Florida / Gulf of Mexico,OBIS / Sherman et al. 2023,FALSE
25.1146,-82.8223,98.70560542214662,Florida / Gulf of Mexico,OBIS / Sherman et al. 2023,FALSE
25.5374,-83.2336,142.23597617587075,Florida / Gulf of Mexico,OBIS / Sherman et al. 2023,FALSE
25.3608,-82.9255,87.80640754383057,Florida / Gulf of Mexico,OBIS / Sherman et al. 2023,FALSE
25.4527,-83.1201,45.759316727053374,Florida / Gulf of Mexico,OBIS / Sherman et al. 2023,FALSE
25.0604,-82.9361,146.1282160738483,Florida / Gulf of Mexico,OBIS / Sherman et al. 2023,FALSE
25.3868,-82.592,38.96742097334936,Florida / Gulf of Mexico,OBIS / Sherman et al. 2023,FALSE
25.0641,-82.6807,75.15002962900326,Florida / Gulf of Mexico,OBIS / Sherman et al. 2023,FALSE
25.3377,-83.0176,41.53979904949665,Florida / Gulf of Mexico,OBIS / Sherman et al. 2023,FALSE
25.7108,-83.3969,79.34827696532011,Florida / Gulf of Mexico,OBIS / Sherman et al. 2023,FALSE
25.5962,-82.7697,131.06556103099138,Florida / Gulf of Mexico,OBIS / Sherman et al. 2023,FALSE
25.8593,-82.9457,144.0939211146906,Florida / Gulf of Mexico,OBIS / Sherman et al. 2023,FALSE
25.6952,-83.4048,83.84936092654243,Florida / Gulf of Mexico,OBIS / Sherman et al. 2023,FALSE
25.5448,-82.5984,144.74080101586878,Florida / Gulf of Mexico,OBIS / Sherman et al. 2023,FALSE
25.8993,-82.6496,135.20285645732656,Florida / Gulf of Mexico,OBIS / Sherman et al. 2023,FALSE
25.9767,-83.2772,78.74897815287113,Florida / Gulf of Mexico,OBIS / Sherman et al. 2023,FALSE
24.9402,-81.9273,37.113346462138,Florida / Gulf of Mexico,OBIS / Sherman et al. 2023,FALSE
25.8569,-84.2556,76.86698163859546,Florida / Gulf of Mexico,OBIS / Sherman et al. 2023,FALSE
25.8112,-82.7416,44.58871728973463,Florida / Gulf of Mexico,OBIS / Sherman et al. 2023,FALSE
25.8768,-83.1922,151.78511277539656,Florida / Gulf of Mexico,OBIS / Sherman et al. 2023,FALSE
25.1365,-82.9229,104.53866408905014,Florida / Gulf of Mexico,OBIS / Sherman et al. 2023,FALSE
26.4636,-83.4197,148.2180074416101,Florida / Gulf of Mexico,OBIS / Sherman et al. 2023,FALSE
24.4623,-83.0983,140.34923600265756,Florida / Gulf of Mexico,OBIS / Sherman et al. 2023,FALSE
25.5027,-83.2455,144.1385245299898,Florida / Gulf of Mexico,OBIS / Sherman et al. 2023,FALSE
25.5472,-82.8009,131.53676001587883,Florida / Gulf of Mexico,OBIS / Sherman et al. 2023,FALSE
25.4401,-82.8173,60.97721174824983,Florida / Gulf of Mexico,OBIS / Sherman et al. 2023,FALSE
25.7991,-82.7079,144.8079503257759,Florida / Gulf of Mexico,OBIS / Sherman et al. 2023,FALSE
25.5496,-82.8402,41.234840638935566,Florida / Gulf of Mexico,OBIS / Sherman et al. 2023,FALSE
25.1888,-83.0345,136.86286845710129,Florida / Gulf of Mexico,OBIS / Sherman et al. 2023,FALSE
26.064,-83.0386,137.91896081296727,Florida / Gulf of Mexico,OBIS / Sherman et al. 2023,FALSE
25.3824,-82.2545,134.36824029544368,Florida / Gulf of Mexico,OBIS / Sherman et al. 2023,FALSE
25.7443,-82.6595,102.04355536261573,Florida / Gulf of Mexico,OBIS / Sherman et al. 2023,FALSE
25.2334,-83.0237,68.86563080130145,Florida / Gulf of Mexico,OBIS / Sherman et al. 2023,FALSE
25.076,-82.3997,146.6852665017359,Florida / Gulf of Mexico,OBIS / Sherman et al. 2023,FALSE
25.2577,-82.8196,96.71527383150533,Florida / Gulf of Mexico,OBIS / Sherman et al. 2023,FALSE
25.0773,-83.0398,42.72747571347281,Florida / Gulf of Mexico,OBIS / Sherman et al. 2023,FALSE
25.7132,-83.4084,70.54437556536868,Florida / Gulf of Mexico,OBIS / Sherman et al. 2023,FALSE
24.8792,-82.8614,155.82717262441292,Florida / Gulf of Mexico,OBIS / Sherman et al. 2023,FALSE
25.1086,-82.7931,66.52453462593257,Florida / Gulf of Mexico,OBIS / Sherman et al. 2023,FALSE
25.5109,-83.256,78.36065756855533,Florida / Gulf of Mexico,OBIS / Sherman et al. 2023,FALSE
24.8138,-83.3993,96.86602213187143,Florida / Gulf of Mexico,OBIS / Sherman et al. 2023,FALSE
25.298,-83.5317,87.48745966469869,Florida / Gulf of Mexico,OBIS / Sherman et al. 2023,FALSE
25.378,-83.3494,91.77342174109071,Florida / Gulf of Mexico,OBIS / Sherman et al. 2023,FALSE
26.0384,-82.5716,108.35293317679316,Florida / Gulf of Mexico,OBIS / Sherman et al. 2023,FALSE
25.397,-82.8127,137.82752943690866,Florida / Gulf of Mexico,OBIS / Sherman et al. 2023,FALSE
25.2907,-83.3709,63.34910353878513,Florida / Gulf of Mexico,OBIS / Sherman et al. 2023,FALSE
25.2347,-83.6327,66.45686540286988,Florida / Gulf of Mexico,OBIS / Sherman et al. 2023,FALSE
25.6789,-84.1136,104.81949016917497,Florida / Gulf of Mexico,OBIS / Sherman et al. 2023,FALSE
25.3722,-83.3746,34.31820105062798,Florida / Gulf of Mexico,OBIS / Sherman et al. 2023,FALSE
25.2825,-82.8088,63.87778926407918,Florida / Gulf of Mexico,OBIS / Sherman et al. 2023,FALSE
25.3881,-83.4781,71.21251164237037,Florida / Gulf of Mexico,OBIS / Sherman et al. 2023,FALSE
25.9261,-82.8779,106.448970339261,Florida / Gulf of Mexico,OBIS / Sherman et al. 2023,FALSE
26.1271,-82.3069,143.13130724942312,Florida / Gulf of Mexico,OBIS / Sherman et al. 2023,FALSE
25.2428,-83.8653,54.48522519087419,Florida / Gulf of Mexico,OBIS / Sherman et al. 2023,FALSE
25.5082,-83.0479,92.03618470579386,Florida / Gulf of Mexico,OBIS / Sherman et al. 2023,FALSE
25.3703,-83.3902,57.766019583214074,Florida / Gulf of Mexico,OBIS / Sherman et al. 2023,FALSE
26.243,-82.6169,140.9060254599899,Florida / Gulf of Mexico,OBIS / Sherman et al. 2023,FALSE
25.7363,-82.998,132.6448805234395,Florida / Gulf of Mexico,OBIS / Sherman et al. 2023,FALSE
24.7877,-82.8583,108.99855023715645,Florida / Gulf of Mexico,OBIS / Sherman et al. 2023,FALSE
25.3264,-82.9295,158.17960216198117,Florida / Gulf of Mexico,OBIS / Sherman et al. 2023,FALSE
24.5829,-82.9077,114.5738286850974,Florida / Gulf of Mexico,OBIS / Sherman et al. 2023,FALSE
25.4628,-82.8682,80.58001860743389,Florida / Gulf of Mexico,OBIS / Sherman et al. 2023,FALSE
25.7816,-83.389,127.68844144418836,Florida / Gulf of Mexico,OBIS / Sherman et al. 2023,FALSE
25.1422,-82.4873,61.51183184469119,Florida / Gulf of Mexico,OBIS / Sherman et al. 2023,FALSE
24.987,-82.3883,115.26591003639624,Florida / Gulf of Mexico,OBIS / Sherman et al. 2023,FALSE
26.0023,-83.0604,137.94748148648068,Florida / Gulf of Mexico,OBIS / Sherman et al. 2023,FALSE
25.1141,-83.0726,76.34277766337618,Florida / Gulf of Mexico,OBIS / Sherman et al. 2023,FALSE
25.8631,-83.7364,81.307749196421355,Florida / Gulf of Mexico,OBIS / Sherman et al. 2023,FALSE
25.5856,-82.9339,53.31506866496056,Florida / Gulf of Mexico,OBIS / Sherman et al. 2023,FALSE
25.8524,-83.9014,127.94959823833779,Florida / Gulf of Mexico,OBIS / Sherman et al. 2023,FALSE
25.901,-83.0814,97.3342122673057,Florida / Gulf of Mexico,OBIS / Sherman et al. 2023,FALSE
25.956,-83.5956,36.72253346070647,Florida / Gulf of Mexico,OBIS / Sherman et al. 2023,FALSE
25.9944,-83.3224,34.407473471947014,Florida / Gulf of Mexico,OBIS / Sherman et al. 2023,FALSE
25.6182,-83.0653,120.43350904248655,Florida / Gulf of Mexico,OBIS / Sherman et al. 2023,FALSE
25.5687,-82.7897,152.68872737884521,Florida / Gulf of Mexico,OBIS / Sherman et al. 2023,FALSE
25.1178,-82.439,157.77318767970428,Florida / Gulf of Mexico,OBIS / Sherman et al. 2023,FALSE
25.0158,-83.1705,81.11632048385218,Florida / Gulf of Mexico,OBIS / Sherman et al. 2023,FALSE
25.2594,-83.085,107.09620292298496,Florida / Gulf of Mexico,OBIS / Sherman et al. 2023,FALSE
25.4457,-83.0923,133.81324812071398,Florida / Gulf of Mexico,OBIS / Sherman et al. 2023,FALSE
25.1051,-83.1969,146.61964745027944,Florida / Gulf of Mexico,OBIS / Sherman et al. 2023,FALSE
25.8328,-83.123,31.90704865846783,Florida / Gulf of Mexico,OBIS / Sherman et al. 2023,FALSE
25.182,-82.7146,100.36296210251749,Florida / Gulf of Mexico,OBIS / Sherman et al. 2023,FALSE
25.6362,-82.2974,76.35717487195507,Florida / Gulf of Mexico,OBIS / Sherman et al. 2023,FALSE
25.8482,-82.3725,138.72324479278177,Florida / Gulf of Mexico,OBIS / Sherman et al. 2023,FALSE
25.0271,-83.0458,154.28068529814482,Florida / Gulf of Mexico,OBIS / Sherman et al. 2023,FALSE
25.9092,-82.7658,76.0192473931238,Florida / Gulf of Mexico,OBIS / Sherman et al. 2023,FALSE
24.6566,-83.2335,117.76088637067005,Florida / Gulf of Mexico,OBIS / Sherman et al. 2023,FALSE
25.5919,-83.6031,73.95482743624598,Florida / Gulf of Mexico,OBIS / Sherman et al. 2023,FALSE
26.1047,-82.7925,56.976866871118546,Florida / Gulf of Mexico,OBIS / Sherman et al. 2023,FALSE
25.7222,-82.8529,116.20182221289724,Florida / Gulf of Mexico,OBIS / Sherman et al. 2023,FALSE
25.866,-82.361,100.83946951664984,Florida / Gulf of Mexico,OBIS / Sherman et al. 2023,FALSE
25.2786,-83.0694,119.3587887706235,Florida / Gulf of Mexico,OBIS / Sherman et al. 2023,FALSE
25.6194,-83.6856,121.6160246822983,Florida / Gulf of Mexico,OBIS / Sherman et al. 2023,FALSE
25.9426,-82.8861,146.41042043687776,Florida / Gulf of Mexico,OBIS / Sherman et al. 2023,FALSE
24.9683,-83.6062,128.6138662486337,Florida / Gulf of Mexico,OBIS / Sherman et al. 2023,FALSE
25.9007,-83.4469,137.68800544319674,Florida / Gulf of Mexico,OBIS / Sherman et al. 2023,FALSE
24.9363,-83.1849,50.64548520138487,Florida / Gulf of Mexico,OBIS / Sherman et al. 2023,FALSE
25.3005,-83.1802,59.889581061434,Florida / Gulf of Mexico,OBIS / Sherman et al. 2023,FALSE
26.5491,-83.5509,43.43025107635185,Florida / Gulf of Mexico,OBIS / Sherman et al. 2023,FALSE
25.7043,-82.5806,79.73328417399898,Florida / Gulf of Mexico,OBIS / Sherman et al. 2023,FALSE
25.4637,-82.8778,107.96995047247037,Florida / Gulf of Mexico,OBIS / Sherman et al. 2023,FALSE
25.8915,-83.3675,84.59740075748414,Florida / Gulf of Mexico,OBIS / Sherman et al. 2023,FALSE
25.4025,-83.3381,100.01300869975239,Florida / Gulf of Mexico,OBIS / Sherman et al. 2023,FALSE
25.7487,-83.4909,126.38239374849945,Florida / Gulf of Mexico,OBIS / Sherman et al. 2023,FALSE
25.3622,-82.8594,36.80631735827774,Florida / Gulf of Mexico,OBIS / Sherman et al. 2023,FALSE
24.5579,-82.6477,40.166716668754816,Florida / Gulf of Mexico,OBIS / Sherman et al. 2023,FALSE
25.689,-83.1816,74.93087420240045,Florida / Gulf of Mexico,OBIS / Sherman et al. 2023,FALSE
25.2954,-82.5928,139.13909029448405,Florida / Gulf of Mexico,OBIS / Sherman et al. 2023,FALSE
25.2706,-83.1277,112.99317540368065,Florida / Gulf of Mexico,OBIS / Sherman et al. 2023,FALSE
25.5015,-82.8967,97.0000006374903,Florida / Gulf of Mexico,OBIS / Sherman et al. 2023,FALSE
26.037,-82.5535,100.82894960651174,Florida / Gulf of Mexico,OBIS / Sherman et al. 2023,FALSE
25.6182,-83.3088,101.5869437600486,Florida / Gulf of Mexico,OBIS / Sherman et al. 2023,FALSE
25.8367,-82.955,63.686375292018056,Florida / Gulf of Mexico,OBIS / Sherman et al. 2023,FALSE
25.7516,-82.7874,130.59854571707547,Florida / Gulf of Mexico,OBIS / Sherman et al. 2023,FALSE
25.5406,-83.1692,115.07084671407938,Florida / Gulf of Mexico,OBIS / Sherman et al. 2023,FALSE
25.7684,-82.9406,91.74454708350822,Florida / Gulf of Mexico,OBIS / Sherman et al. 2023,FALSE
25.4447,-82.8403,123.66851881146431,Florida / Gulf of Mexico,OBIS / Sherman et al. 2023,FALSE
25.0003,-82.5258,61.34856624994427,Florida / Gulf of Mexico,OBIS / Sherman et al. 2023,FALSE
25.6391,-82.6324,100.97508903127164,Florida / Gulf of Mexico,OBIS / Sherman et al. 2023,FALSE
24.5889,-83.1579,60.66669380525127,Florida / Gulf of Mexico,OBIS / Sherman et al. 2023,FALSE
25.1055,-82.7563,126.55198874184862,Florida / Gulf of Mexico,OBIS / Sherman et al. 2023,FALSE
25.4762,-82.3789,67.72657741326839,Florida / Gulf of Mexico,OBIS / Sherman et al. 2023,FALSE
25.4357,-83.2516,61.0238198726438,Florida / Gulf of Mexico,OBIS / Sherman et al. 2023,FALSE
25.3319,-82.4323,109.46464328560978,Florida / Gulf of Mexico,OBIS / Sherman et al. 2023,FALSE
25.8954,-83.5483,95.39840036770329,Florida / Gulf of Mexico,OBIS / Sherman et al. 2023,FALSE
25.0722,-83.3588,40.06299591623247,Florida / Gulf of Mexico,OBIS / Sherman et al. 2023,FALSE
24.4545,-82.9452,142.23191639175639,Florida / Gulf of Mexico,OBIS / Sherman et al. 2023,FALSE
25.8122,-83.6818,43.42016051756218,Florida / Gulf of Mexico,OBIS / Sherman et al. 2023,FALSE
25.518,-82.8719,113.33262082189322,Florida / Gulf of Mexico,OBIS / Sherman et al. 2023,FALSE
25.4566,-83.8524,135.2996014081873,Florida / Gulf of Mexico,OBIS / Sherman et al. 2023,FALSE
25.3435,-83.297,76.09836436109617,Florida / Gulf of Mexico,OBIS / Sherman et al. 2023,FALSE
24.8252,-83.3808,59.157208090182394,Florida / Gulf of Mexico,OBIS / Sherman et al. 2023,FALSE
25.1189,-82.6264,83.68559839203954,Florida / Gulf of Mexico,OBIS / Sherman et al. 2023,FALSE
25.703,-83.4398,73.36688196286559,Florida / Gulf of Mexico,OBIS / Sherman et al. 2023,FALSE
25.5075,-82.4812,83.18347194464877,Florida / Gulf of Mexico,OBIS / Sherman et al. 2023,FALSE
24.9324,-83.324700000000007,158.2922266353853,Florida / Gulf of Mexico,OBIS / Sherman et al. 2023,FALSE
25.7393,-83.1353,140.04529644269496,Florida / Gulf of Mexico,OBIS / Sherman et al. 2023,FALSE
25.8146,-83.3316,74.51405295170844,Florida / Gulf of Mexico,OBIS / Sherman et al. 2023,FALSE
25.4461,-82.5693,39.85098334029317,Florida / Gulf of Mexico,OBIS / Sherman et al. 2023,FALSE
25.4934,-83.5312,75.6369853997603,Florida / Gulf of Mexico,OBIS / Sherman et al. 2023,FALSE
26.0637,-82.704,144.25703418906778,Florida / Gulf of Mexico,OBIS / Sherman et al. 2023,FALSE
25.6579,-82.6093,121.28387433243915,Florida / Gulf of Mexico,OBIS / Sherman et al. 2023,FALSE
25.988,-83.1507,141.61950007081032,Florida / Gulf of Mexico,OBIS / Sherman et al. 2023,FALSE
25.482,-83.5204,133.8615552475676,Florida / Gulf of Mexico,OBIS / Sherman et al. 2023,FALSE
26.0918,-82.7099,79.5868710661307,Florida / Gulf of Mexico,OBIS / Sherman et al. 2023,FALSE
25.4697,-83.3881,132.29778360109776,Florida / Gulf of Mexico,OBIS / Sherman et al. 2023,FALSE
25.8671,-83.355,124.68711083056405,Florida / Gulf of Mexico,OBIS / Sherman et al. 2023,FALSE
25.3621,-83.2745,159.54102368094027,Florida / Gulf of Mexico,OBIS / Sherman et al. 2023,FALSE
25.0692,-83.3737,77.92282180162147,Florida / Gulf of Mexico,OBIS / Sherman et al. 2023,FALSE
25.9006,-82.3367,157.4412643094547,Florida / Gulf of Mexico,OBIS / Sherman et al. 2023,FALSE
26.4184,-82.7543,133.6430268525146,Florida / Gulf of Mexico,OBIS / Sherman et al. 2023,FALSE
25.3696,-82.8645,146.04898499557748,Florida / Gulf of Mexico,OBIS / Sherman et al. 2023,FALSE
26.0875,-83.2304,51.2775662378408,Florida / Gulf of Mexico,OBIS / Sherman et al. 2023,FALSE
25.4052,-82.5797,43.057735555339605,Florida / Gulf of Mexico,OBIS / Sherman et al. 2023,FALSE
25.8694,-83.4066,158.02056884858757,Florida / Gulf of Mexico,OBIS / Sherman et al. 2023,FALSE
25.1043,-83.0841,80.42045251699165,Florida / Gulf of Mexico,OBIS / Sherman et al. 2023,FALSE
25.6103,-82.5588,87.43055437225848,Florida / Gulf of Mexico,OBIS / Sherman et al. 2023,FALSE
25.1945,-83.3735,32.47884056298062,Florida / Gulf of Mexico,OBIS / Sherman et al. 2023,FALSE
24.9592,-82.9851,38.259957341942936,Florida / Gulf of Mexico,OBIS / Sherman et al. 2023,FALSE
25.762,-83.3076,40.56232693372294,Florida / Gulf of Mexico,OBIS / Sherman et al. 2023,FALSE
26.1439,-83.155,70.61865912983194,Florida / Gulf of Mexico,OBIS / Sherman et al. 2023,FALSE
25.1846,-83.0215,107.40342495497316,Florida / Gulf of Mexico,OBIS / Sherman et al. 2023,FALSE
25.1464,-83.0754,40.64814962213859,Florida / Gulf of Mexico,OBIS / Sherman et al. 2023,FALSE
25.071,-82.6137,118.2719816151075,Florida / Gulf of Mexico,OBIS / Sherman et al. 2023,FALSE
25.3167,-82.7496,146.20781593723223,Florida / Gulf of Mexico,OBIS / Sherman et al. 2023,FALSE
18.2663,-66.1728,44.525307063013315,Caribbean (USVI/PR/Cayman),OBIS / Bejarano et al. 2014,FALSE
18.2849,-66.1614,30.26793358847499,Caribbean (USVI/PR/Cayman),OBIS / Bejarano et al. 2014,FALSE
18.1772,-65.9673,64.28106307983398,Caribbean (USVI/PR/Cayman),OBIS / Bejarano et al. 2014,FALSE
18.3038,-66.4092,59.61011463776231,Caribbean (USVI/PR/Cayman),OBIS / Bejarano et al. 2014,FALSE
17.8124,-66.2386,123.96684658713639,Caribbean (USVI/PR/Cayman),OBIS / Bejarano et al. 2014,FALSE
17.9309,-66.6363,55.51070852205157,Caribbean (USVI/PR/Cayman),OBIS / Bejarano et al. 2014,FALSE
18.2728,-66.5464,80.78537659719586,Caribbean (USVI/PR/Cayman),OBIS / Bejarano et al. 2014,FALSE
17.8874,-66.2857,44.026263053528965,Caribbean (USVI/PR/Cayman),OBIS / Bejarano et al. 2014,FALSE
17.6154,-66.6351,118.57471032533795,Caribbean (USVI/PR/Cayman),OBIS / Bejarano et al. 2014,FALSE
17.4489,-66.6498,100.72780805174261,Caribbean (USVI/PR/Cayman),OBIS / Bejarano et al. 2014,FALSE
19.079,-66.3909,99.18606802355498,Caribbean (USVI/PR/Cayman),OBIS / Bejarano et al. 2014,FALSE
17.3201,-65.8856,92.14501303620636,Caribbean (USVI/PR/Cayman),OBIS / Bejarano et al. 2014,FALSE
18.0117,-67.0568,67.73234232794493,Caribbean (USVI/PR/Cayman),OBIS / Bejarano et al. 2014,FALSE
18.7737,-66.6887,48.76343619078398,Caribbean (USVI/PR/Cayman),OBIS / Bejarano et al. 2014,FALSE
18.335,-66.3474,51.80214887484908,Caribbean (USVI/PR/Cayman),OBIS / Bejarano et al. 2014,FALSE
17.9259,-66.3723,39.11598056554794,Caribbean (USVI/PR/Cayman),OBIS / Bejarano et al. 2014,FALSE
18.2133,-67.0659,98.52603247389197,Caribbean (USVI/PR/Cayman),OBIS / Bejarano et al. 2014,FALSE
18.714,-66.7959,61.15463308058679,Caribbean (USVI/PR/Cayman),OBIS / Bejarano et al. 2014,FALSE
18.0759,-66.9487,56.24398393090814,Caribbean (USVI/PR/Cayman),OBIS / Bejarano et al. 2014,FALSE
17.7724,-66.5182,67.23908152896911,Caribbean (USVI/PR/Cayman),OBIS / Bejarano et al. 2014,FALSE
18.5808,-65.9746,76.7229570960626,Caribbean (USVI/PR/Cayman),OBIS / Bejarano et al. 2014,FALSE
18.7476,-66.5006,127.87625060416758,Caribbean (USVI/PR/Cayman),OBIS / Bejarano et al. 2014,FALSE
17.6062,-66.5848,92.3378993012011,Caribbean (USVI/PR/Cayman),OBIS / Bejarano et al. 2014,FALSE
18.2875,-65.5986,87.15694385580719,Caribbean (USVI/PR/Cayman),OBIS / Bejarano et al. 2014,FALSE
18.0517,-66.7425,77.25780736189336,Caribbean (USVI/PR/Cayman),OBIS / Bejarano et al. 2014,FALSE
18.2807,-66.4545,108.2211639918387,Caribbean (USVI/PR/Cayman),OBIS / Bejarano et al. 2014,FALSE
18.2107,-66.6339,46.89194245263934,Caribbean (USVI/PR/Cayman),OBIS / Bejarano et al. 2014,FALSE
17.9918,-66.8629,96.04884492699057,Caribbean (USVI/PR/Cayman),OBIS / Bejarano et al. 2014,FALSE
18.1753,-66.2577,43.89509052969515,Caribbean (USVI/PR/Cayman),OBIS / Bejarano et al. 2014,FALSE
17.5158,-66.7091,58.40203803498298,Caribbean (USVI/PR/Cayman),OBIS / Bejarano et al. 2014,FALSE
17.4382,-66.1598,92.29903993662447,Caribbean (USVI/PR/Cayman),OBIS / Bejarano et al. 2014,FALSE
18.2883,-66.6632,82.28093191981316,Caribbean (USVI/PR/Cayman),OBIS / Bejarano et al. 2014,FALSE
18.0344,-66.5567,103.84940923657268,Caribbean (USVI/PR/Cayman),OBIS / Bejarano et al. 2014,FALSE
17.9474,-66.8256,33.24191078543663,Caribbean (USVI/PR/Cayman),OBIS / Bejarano et al. 2014,FALSE
17.3296,-66.6302,92.18335563316941,Caribbean (USVI/PR/Cayman),OBIS / Bejarano et al. 2014,FALSE
17.7722,-66.3487,71.76523459609598,Caribbean (USVI/PR/Cayman),OBIS / Bejarano et al. 2014,FALSE
18.0769,-67.2978,99.53458022326231,Caribbean (USVI/PR/Cayman),OBIS / Bejarano et al. 2014,FALSE
17.8055,-66.8997,112.82491329591721,Caribbean (USVI/PR/Cayman),OBIS / Bejarano et al. 2014,FALSE
18.0325,-66.3865,43.42190271243453,Caribbean (USVI/PR/Cayman),OBIS / Bejarano et al. 2014,FALSE
18.154,-66.9405,30.347248441539705,Caribbean (USVI/PR/Cayman),OBIS / Bejarano et al. 2014,FALSE
17.945,-66.1067,69.13727402687073,Caribbean (USVI/PR/Cayman),OBIS / Bejarano et al. 2014,FALSE
18.171,-66.9067,63.38000252842903,Caribbean (USVI/PR/Cayman),OBIS / Bejarano et al. 2014,FALSE
17.9028,-66.8456,107.382309618406,Caribbean (USVI/PR/Cayman),OBIS / Bejarano et al. 2014,FALSE
17.8727,-66.5908,62.19549893401563,Caribbean (USVI/PR/Cayman),OBIS / Bejarano et al. 2014,FALSE
17.8984,-66.609,122.08006770350039,Caribbean (USVI/PR/Cayman),OBIS / Bejarano et al. 2014,FALSE
18.2556,-66.6015,81.61585181485862,Caribbean (USVI/PR/Cayman),OBIS / Bejarano et al. 2014,FALSE
18.3284,-66.3337,47.78500331565738,Caribbean (USVI/PR/Cayman),OBIS / Bejarano et al. 2014,FALSE
18.9342,-66.271,47.10095587186515,Caribbean (USVI/PR/Cayman),OBIS / Bejarano et al. 2014,FALSE
17.6067,-67.2273,34.850992280989885,Caribbean (USVI/PR/Cayman),OBIS / Bejarano et al. 2014,FALSE
17.717,-66.1187,45.22901291027665,Caribbean (USVI/PR/Cayman),OBIS / Bejarano et al. 2014,FALSE
18.2577,-65.9623,84.55016354098916,Caribbean (USVI/PR/Cayman),OBIS / Bejarano et al. 2014,FALSE
18.6551,-66.8018,118.88169543351978,Caribbean (USVI/PR/Cayman),OBIS / Bejarano et al. 2014,FALSE
18.4907,-67.2548,94.15142915211618,Caribbean (USVI/PR/Cayman),OBIS / Bejarano et al. 2014,FALSE
17.8129,-67.1557,119.57658892031759,Caribbean (USVI/PR/Cayman),OBIS / Bejarano et al. 2014,FALSE
17.7287,-67.2651,111.58589187078178,Caribbean (USVI/PR/Cayman),OBIS / Bejarano et al. 2014,FALSE
18.6786,-66.3765,125.22581754717976,Caribbean (USVI/PR/Cayman),OBIS / Bejarano et al. 2014,FALSE
18.6171,-66.2463,122.72000975906849,Caribbean (USVI/PR/Cayman),OBIS / Bejarano et al. 2014,FALSE
18.0858,-65.9104,30.563465314917266,Caribbean (USVI/PR/Cayman),OBIS / Bejarano et al. 2014,FALSE
18.6803,-66.3706,77.77942155487835,Caribbean (USVI/PR/Cayman),OBIS / Bejarano et al. 2014,FALSE
17.9968,-66.1306,120.59819818940014,Caribbean (USVI/PR/Cayman),OBIS / Bejarano et al. 2014,FALSE
17.6728,-66.7228,38.96678452845663,Caribbean (USVI/PR/Cayman),OBIS / Bejarano et al. 2014,FALSE
17.9798,-66.8972,71.73786754254252,Caribbean (USVI/PR/Cayman),OBIS / Bejarano et al. 2014,FALSE
18.032,-66.3931,35.52759615238756,Caribbean (USVI/PR/Cayman),OBIS / Bejarano et al. 2014,FALSE
17.3762,-66.3651,71.92129499278963,Caribbean (USVI/PR/Cayman),OBIS / Bejarano et al. 2014,FALSE
17.9314,-67.3293,34.86853369511664,Caribbean (USVI/PR/Cayman),OBIS / Bejarano et al. 2014,FALSE
17.8326,-66.1248,85.89309723582119,Caribbean (USVI/PR/Cayman),OBIS / Bejarano et al. 2014,FALSE
18.1965,-66.7452,78.6853864043951,Caribbean (USVI/PR/Cayman),OBIS / Bejarano et al. 2014,FALSE
17.7875,-66.5448,47.98989225644618,Caribbean (USVI/PR/Cayman),OBIS / Bejarano et al. 2014,FALSE
18.1929,-66.9056,95.60293212532997,Caribbean (USVI/PR/Cayman),OBIS / Bejarano et al. 2014,FALSE
18.2145,-66.2454,84.43919592071325,Caribbean (USVI/PR/Cayman),OBIS / Bejarano et al. 2014,FALSE
17.8883,-66.6483,55.98330625332892,Caribbean (USVI/PR/Cayman),OBIS / Bejarano et al. 2014,FALSE
17.9826,-67.0685,33.27565728221089,Caribbean (USVI/PR/Cayman),OBIS / Bejarano et al. 2014,FALSE
18.9526,-66.3844,120.71001880802214,Caribbean (USVI/PR/Cayman),OBIS / Bejarano et al. 2014,FALSE
18.6192,-67.1591,50.580435427837074,Caribbean (USVI/PR/Cayman),OBIS / Bejarano et al. 2014,FALSE
18.6219,-66.5761,101.45395174156874,Caribbean (USVI/PR/Cayman),OBIS / Bejarano et al. 2014,FALSE
18.0232,-66.4922,126.3549803942442,Caribbean (USVI/PR/Cayman),OBIS / Bejarano et al. 2014,FALSE
17.6641,-65.4193,70.66800731234252,Caribbean (USVI/PR/Cayman),OBIS / Bejarano et al. 2014,FALSE
18.2284,-66.2956,76.47850354667753,Caribbean (USVI/PR/Cayman),OBIS / Bejarano et al. 2014,FALSE
18.0264,-67.0093,105.39704274386168,Caribbean (USVI/PR/Cayman),OBIS / Bejarano et al. 2014,FALSE
19.4339,-66.3494,68.76110974233598,Caribbean (USVI/PR/Cayman),OBIS / Bejarano et al. 2014,FALSE
17.2272,-66.5395,97.43248698767275,Caribbean (USVI/PR/Cayman),OBIS / Bejarano et al. 2014,FALSE
17.9189,-66.4118,91.61060305312276,Caribbean (USVI/PR/Cayman),OBIS / Bejarano et al. 2014,FALSE
18.5935,-67.1464,66.35120983235538,Caribbean (USVI/PR/Cayman),OBIS / Bejarano et al. 2014,FALSE
17.1606,-65.8276,77.36427161842585,Caribbean (USVI/PR/Cayman),OBIS / Bejarano et al. 2014,FALSE
17.8961,-66.2767,98.08334405068308,Caribbean (USVI/PR/Cayman),OBIS / Bejarano et al. 2014,FALSE
18.1336,-66.6506,71.74189972691238,Caribbean (USVI/PR/Cayman),OBIS / Bejarano et al. 2014,FALSE
17.9121,-67.311,120.27849298436195,Caribbean (USVI/PR/Cayman),OBIS / Bejarano et al. 2014,FALSE
17.6273,-66.3408,77.73182729259133,Caribbean (USVI/PR/Cayman),OBIS / Bejarano et al. 2014,FALSE
17.9511,-67.0588,109.23306913580745,Caribbean (USVI/PR/Cayman),OBIS / Bejarano et al. 2014,FALSE
18.5354,-66.9729,119.8716458119452,Caribbean (USVI/PR/Cayman),OBIS / Bejarano et al. 2014,FALSE
17.4607,-66.2831,102.92376982513815,Caribbean (USVI/PR/Cayman),OBIS / Bejarano et al. 2014,FALSE
18.5659,-66.2061,108.89727922156453,Caribbean (USVI/PR/Cayman),OBIS / Bejarano et al. 2014,FALSE
18.3656,-66.6514,60.61479653697461,Caribbean (USVI/PR/Cayman),OBIS / Bejarano et al. 2014,FALSE
17.5053,-67.1571,75.44407525099814,Caribbean (USVI/PR/Cayman),OBIS / Bejarano et al. 2014,FALSE
17.3997,-67.4415,86.77405877504498,Caribbean (USVI/PR/Cayman),OBIS / Bejarano et al. 2014,FALSE
18.0138,-67.0601,118.01791006699204,Caribbean (USVI/PR/Cayman),OBIS / Bejarano et al. 2014,FALSE
18.1145,-66.7787,44.617257472127676,Caribbean (USVI/PR/Cayman),OBIS / Bejarano et al. 2014,FALSE
18.4745,-66.8895,92.08690516650677,Caribbean (USVI/PR/Cayman),OBIS / Bejarano et al. 2014,FALSE
17.985,-66.3714,93.73969272244722,Caribbean (USVI/PR/Cayman),OBIS / Bejarano et al. 2014,FALSE
18.1681,-66.8276,77.4624277325347,Caribbean (USVI/PR/Cayman),OBIS / Bejarano et al. 2014,FALSE
18.5157,-66.3109,63.83337492123246,Caribbean (USVI/PR/Cayman),OBIS / Bejarano et al. 2014,FALSE
18.4683,-66.0218,55.69725993089378,Caribbean (USVI/PR/Cayman),OBIS / Bejarano et al. 2014,FALSE
18.3304,-66.6783,50.33137599937618,Caribbean (USVI/PR/Cayman),OBIS / Bejarano et al. 2014,FALSE
18.1296,-67.0413,106.77056975662708,Caribbean (USVI/PR/Cayman),OBIS / Bejarano et al. 2014,FALSE
18.1524,-66.974,48.16856584046036,Caribbean (USVI/PR/Cayman),OBIS / Bejarano et al. 2014,FALSE
18.481,-66.1958,102.97777449712157,Caribbean (USVI/PR/Cayman),OBIS / Bejarano et al. 2014,FALSE
18.4409,-67.1229,82.36003010068089,Caribbean (USVI/PR/Cayman),OBIS / Bejarano et al. 2014,FALSE
17.9754,-65.8591,110.09618180803955,Caribbean (USVI/PR/Cayman),OBIS / Bejarano et al. 2014,FALSE
18.1458,-66.3883,71.03058737237006,Caribbean (USVI/PR/Cayman),OBIS / Bejarano et al. 2014,FALSE
18.677,-66.1167,38.371385373175144,Caribbean (USVI/PR/Cayman),OBIS / Bejarano et al. 2014,FALSE
18.5885,-66.7952,49.27850558422506,Caribbean (USVI/PR/Cayman),OBIS / Bejarano et al. 2014,FALSE
17.6091,-66.7564,100.44755052775145,Caribbean (USVI/PR/Cayman),OBIS / Bejarano et al. 2014,FALSE
18.5793,-66.3214,82.94370127376169,Caribbean (USVI/PR/Cayman),OBIS / Bejarano et al. 2014,FALSE
17.9657,-66.5757,36.188614293932915,Caribbean (USVI/PR/Cayman),OBIS / Bejarano et al. 2014,FALSE
17.3705,-66.2648,125.81505621317774,Caribbean (USVI/PR/Cayman),OBIS / Bejarano et al. 2014,FALSE
18.517,-66.5752,48.67702768649906,Caribbean (USVI/PR/Cayman),OBIS / Bejarano et al. 2014,FALSE
18.0338,-66.5732,125.97011706791818,Caribbean (USVI/PR/Cayman),OBIS / Bejarano et al. 2014,FALSE
18.3868,-65.7959,86.47806324996054,Caribbean (USVI/PR/Cayman),OBIS / Bejarano et al. 2014,FALSE
18.7756,-66.3033,53.0997899081558,Caribbean (USVI/PR/Cayman),OBIS / Bejarano et al. 2014,FALSE
18.4319,-67.4308,62.128015789203346,Caribbean (USVI/PR/Cayman),OBIS / Bejarano et al. 2014,FALSE
17.8586,-66.2131,55.37168012931943,Caribbean (USVI/PR/Cayman),OBIS / Bejarano et al. 2014,FALSE
17.946,-66.7729,89.12559377029538,Caribbean (USVI/PR/Cayman),OBIS / Bejarano et al. 2014,FALSE
17.6051,-66.4846,82.62922327965498,Caribbean (USVI/PR/Cayman),OBIS / Bejarano et al. 2014,FALSE
17.6713,-65.9586,51.39814810361713,Caribbean (USVI/PR/Cayman),OBIS / Bejarano et al. 2014,FALSE
18.1958,-65.8234,66.74695664085448,Caribbean (USVI/PR/Cayman),OBIS / Bejarano et al. 2014,FALSE
17.8803,-67.2909,30.223263865336776,Caribbean (USVI/PR/Cayman),OBIS / Bejarano et al. 2014,FALSE
18.2633,-67.1102,126.32047687191516,Caribbean (USVI/PR/Cayman),OBIS / Bejarano et al. 2014,FALSE
18.333,-66.3249,99.87263788469136,Caribbean (USVI/PR/Cayman),OBIS / Bejarano et al. 2014,FALSE
18.1454,-66.7573,98.9578428864479,Caribbean (USVI/PR/Cayman),OBIS / Bejarano et al. 2014,FALSE
17.8405,-66.6904,115.21937853656709,Caribbean (USVI/PR/Cayman),OBIS / Bejarano et al. 2014,FALSE
17.4008,-66.0082,101.51657091453671,Caribbean (USVI/PR/Cayman),OBIS / Bejarano et al. 2014,FALSE
18.0459,-66.6846,127.57833303883672,Caribbean (USVI/PR/Cayman),OBIS / Bejarano et al. 2014,FALSE
17.5849,-66.9669,101.57718227244914,Caribbean (USVI/PR/Cayman),OBIS / Bejarano et al. 2014,FALSE
18.2584,-66.6201,128.68606014642864,Caribbean (USVI/PR/Cayman),OBIS / Bejarano et al. 2014,FALSE
18.3091,-66.192,68.51608212571591,Caribbean (USVI/PR/Cayman),OBIS / Bejarano et al. 2014,FALSE
18.1264,-66.4039,85.23670795373619,Caribbean (USVI/PR/Cayman),OBIS / Bejarano et al. 2014,FALSE
17.5848,-66.1983,109.7667529201135,Caribbean (USVI/PR/Cayman),OBIS / Bejarano et al. 2014,FALSE
17.6979,-67.2076,40.23688113782555,Caribbean (USVI/PR/Cayman),OBIS / Bejarano et al. 2014,FALSE
17.8034,-66.4535,38.52781075518578,Caribbean (USVI/PR/Cayman),OBIS / Bejarano et al. 2014,FALSE
18.0589,-66.2232,79.37762175686657,Caribbean (USVI/PR/Cayman),OBIS / Bejarano et al. 2014,FALSE
18.9426,-65.9488,79.79369200300425,Caribbean (USVI/PR/Cayman),OBIS / Bejarano et al. 2014,FALSE
17.6317,-67.5944,104.17873339727521,Caribbean (USVI/PR/Cayman),OBIS / Bejarano et al. 2014,FALSE
17.1373,-66.813,120.8014768967405,Caribbean (USVI/PR/Cayman),OBIS / Bejarano et al. 2014,FALSE
17.9518,-66.1768,52.83936906605959,Caribbean (USVI/PR/Cayman),OBIS / Bejarano et al. 2014,FALSE
17.6643,-66.2904,33.609499358572066,Caribbean (USVI/PR/Cayman),OBIS / Bejarano et al. 2014,FALSE
17.131,-66.3576,105.5192386219278,Caribbean (USVI/PR/Cayman),OBIS / Bejarano et al. 2014,FALSE
17.6503,-67.142,44.96413070708513,Caribbean (USVI/PR/Cayman),OBIS / Bejarano et al. 2014,FALSE
17.8506,-66.6291,45.83139258436859,Caribbean (USVI/PR/Cayman),OBIS / Bejarano et al. 2014,FALSE
17.5591,-67.3646,43.18727363832295,Caribbean (USVI/PR/Cayman),OBIS / Bejarano et al. 2014,FALSE
18.2863,-66.4924,55.72242401074618,Caribbean (USVI/PR/Cayman),OBIS / Bejarano et al. 2014,FALSE
18.3631,-66.8971,106.78249841555953,Caribbean (USVI/PR/Cayman),OBIS / Bejarano et al. 2014,FALSE
17.8701,-67.0759,120.064646769315,Caribbean (USVI/PR/Cayman),OBIS / Bejarano et al. 2014,FALSE
17.4074,-66.4323,79.12057395558804,Caribbean (USVI/PR/Cayman),OBIS / Bejarano et al. 2014,FALSE
18.2377,-65.7701,123.83099302649498,Caribbean (USVI/PR/Cayman),OBIS / Bejarano et al. 2014,FALSE
17.6581,-67.1338,69.95582938659936,Caribbean (USVI/PR/Cayman),OBIS / Bejarano et al. 2014,FALSE
17.668,-66.8495,116.18197131436318,Caribbean (USVI/PR/Cayman),OBIS / Bejarano et al. 2014,FALSE
-3.7404,-32.4783,168.38004478253424,Brazil (Fernando de Noronha),OBIS / Pinheiro et al. 2016,FALSE
-4.1905,-32.6827,45.292487712576985,Brazil (Fernando de Noronha),OBIS / Pinheiro et al. 2016,FALSE
-3.9179,-32.8175,36.24719923362136,Brazil (Fernando de Noronha),OBIS / Pinheiro et al. 2016,FALSE
-4.1084,-32.156,180.2721415227279,Brazil (Fernando de Noronha),OBIS / Pinheiro et al. 2016,FALSE
-3.6431,-32.8029,178.12889168970287,Brazil (Fernando de Noronha),OBIS / Pinheiro et al. 2016,FALSE
-4.1385,-32.4647,63.378855236805975,Brazil (Fernando de Noronha),OBIS / Pinheiro et al. 2016,FALSE
-4.1375,-32.008,86.32026675157249,Brazil (Fernando de Noronha),OBIS / Pinheiro et al. 2016,FALSE
-4.1848,-32.2552,164.691776256077,Brazil (Fernando de Noronha),OBIS / Pinheiro et al. 2016,FALSE
-3.7956,-33.0423,146.35166777763516,Brazil (Fernando de Noronha),OBIS / Pinheiro et al. 2016,FALSE
-3.314,-31.8756,66.0550582408905,Brazil (Fernando de Noronha),OBIS / Pinheiro et al. 2016,FALSE
-4.1556,-32.1842,181.65766563266516,Brazil (Fernando de Noronha),OBIS / Pinheiro et al. 2016,FALSE
-3.7128,-32.3125,84.84141304157674,Brazil (Fernando de Noronha),OBIS / Pinheiro et al. 2016,FALSE
-4.0624,-32.452,76.25380137003958,Brazil (Fernando de Noronha),OBIS / Pinheiro et al. 2016,FALSE
-4.2354,-32.746,133.41301909647882,Brazil (Fernando de Noronha),OBIS / Pinheiro et al. 2016,FALSE
-3.3635,-32.7303,202.2152467444539,Brazil (Fernando de Noronha),OBIS / Pinheiro et al. 2016,FALSE
-4.0277,-32.7817,112.58497701957822,Brazil (Fernando de Noronha),OBIS / Pinheiro et al. 2016,FALSE
-3.1517,-32.9569,108.03609193302691,Brazil (Fernando de Noronha),OBIS / Pinheiro et al. 2016,FALSE
-4.0748,-32.187,61.90781949553639,Brazil (Fernando de Noronha),OBIS / Pinheiro et al. 2016,FALSE
-3.5372,-32.944,172.459034929052,Brazil (Fernando de Noronha),OBIS / Pinheiro et al. 2016,FALSE
-3.3557,-32.2328,111.69386613182724,Brazil (Fernando de Noronha),OBIS / Pinheiro et al. 2016,FALSE
-2.9437,-32.7401,39.395664939656854,Brazil (Fernando de Noronha),OBIS / Pinheiro et al. 2016,FALSE
-4.1324,-32.0522,154.5709321880713,Brazil (Fernando de Noronha),OBIS / Pinheiro et al. 2016,FALSE
-3.7694,-31.9862,64.49348197784275,Brazil (Fernando de Noronha),OBIS / Pinheiro et al. 2016,FALSE
-3.4257,-32.3917,173.24771229643375,Brazil (Fernando de Noronha),OBIS / Pinheiro et al. 2016,FALSE
-4.0007,-32.242,113.58606824185699,Brazil (Fernando de Noronha),OBIS / Pinheiro et al. 2016,FALSE
-3.5621,-32.2895,205.1514397887513,Brazil (Fernando de Noronha),OBIS / Pinheiro et al. 2016,FALSE
-3.9723,-32.9628,179.0547834103927,Brazil (Fernando de Noronha),OBIS / Pinheiro et al. 2016,FALSE
-4.2533,-32.0781,182.92177888099104,Brazil (Fernando de Noronha),OBIS / Pinheiro et al. 2016,FALSE
-4.6949,-32.09,127.71154039073735,Brazil (Fernando de Noronha),OBIS / Pinheiro et al. 2016,FALSE
-3.5941,-32.7633,53.51330876816064,Brazil (Fernando de Noronha),OBIS / Pinheiro et al. 2016,FALSE
-3.9368,-32.7984,44.22159049194306,Brazil (Fernando de Noronha),OBIS / Pinheiro et al. 2016,FALSE
-3.1128,-32.255,152.75922702625394,Brazil (Fernando de Noronha),OBIS / Pinheiro et al. 2016,FALSE
-4.2466,-32.8344,158.5475524328649,Brazil (Fernando de Noronha),OBIS / Pinheiro et al. 2016,FALSE
-3.9954,-32.3299,141.79974345490336,Brazil (Fernando de Noronha),OBIS / Pinheiro et al. 2016,FALSE
-3.4771,-32.1462,136.95604420267045,Brazil (Fernando de Noronha),OBIS / Pinheiro et al. 2016,FALSE
-3.9044,-32.5073,148.5503204818815,Brazil (Fernando de Noronha),OBIS / Pinheiro et al. 2016,FALSE
-3.6048,-32.4574,182.83384290989488,Brazil (Fernando de Noronha),OBIS / Pinheiro et al. 2016,FALSE
-3.2589,-32.6741,170.19825249910355,Brazil (Fernando de Noronha),OBIS / Pinheiro et al. 2016,FALSE
-2.9293,-32.5242,111.42708683386445,Brazil (Fernando de Noronha),OBIS / Pinheiro et al. 2016,FALSE
-3.7794,-32.6281,180.46297264751047,Brazil (Fernando de Noronha),OBIS / Pinheiro et al. 2016,FALSE
-4.1352,-31.3863,207.49334563035518,Brazil (Fernando de Noronha),OBIS / Pinheiro et al. 2016,FALSE
-4.2338,-32.1594,165.2745490288362,Brazil (Fernando de Noronha),OBIS / Pinheiro et al. 2016,FALSE
-4.0186,-31.949,54.01566053275019,Brazil (Fernando de Noronha),OBIS / Pinheiro et al. 2016,FALSE
-3.9706,-32.5881,164.82258616480976,Brazil (Fernando de Noronha),OBIS / Pinheiro et al. 2016,FALSE
-4.2844,-32.483,161.20830440428108,Brazil (Fernando de Noronha),OBIS / Pinheiro et al. 2016,FALSE
-3.5609,-31.3017,57.39673536736518,Brazil (Fernando de Noronha),OBIS / Pinheiro et al. 2016,FALSE
-3.2304,-32.7321,200.43156383559108,Brazil (Fernando de Noronha),OBIS / Pinheiro et al. 2016,FALSE
-3.9773,-32.6571,31.691291704773903,Brazil (Fernando de Noronha),OBIS / Pinheiro et al. 2016,FALSE
-4.2161,-32.4566,88.21047593839467,Brazil (Fernando de Noronha),OBIS / Pinheiro et al. 2016,FALSE
37.9904,-27.5583,100.97253298619762,Azores / Macaronesia,OBIS,FALSE
38.8081,-29.2004,96.65229387581348,Azores / Macaronesia,OBIS,FALSE
38.5126,-27.1786,99.60336435819045,Azores / Macaronesia,OBIS,FALSE
37.7381,-28.4375,87.472471492365,Azores / Macaronesia,OBIS,FALSE
38.4505,-28.4906,61.0329704429023,Azores / Macaronesia,OBIS,FALSE
38.5001,-28.1369,61.31652211770415,Azores / Macaronesia,OBIS,FALSE
38.1625,-27.7366,71.90675288904458,Azores / Macaronesia,OBIS,FALSE
38.0115,-28.3406,115.66560798324645,Azores / Macaronesia,OBIS,FALSE
38.3188,-28.7504,52.10652702022344,Azores / Macaronesia,OBIS,FALSE
38.2191,-28.1959,65.26808246271685,Azores / Macaronesia,OBIS,FALSE
38.2302,-27.8687,91.71840383671224,Azores / Macaronesia,OBIS,FALSE
37.5788,-27.6539,48.96223409799859,Azores / Macaronesia,OBIS,FALSE
38.4403,-27.5441,41.80120560340583,Azores / Macaronesia,OBIS,FALSE
38.8795,-28.1736,32.528027635999024,Azores / Macaronesia,OBIS,FALSE
38.9625,-27.4148,60.2088084560819,Azores / Macaronesia,OBIS,FALSE
39.3297,-27.5209,103.79208968952298,Azores / Macaronesia,OBIS,FALSE
38.6061,-28.1849,75.75279257493094,Azores / Macaronesia,OBIS,FALSE
38.0792,-27.6349,39.64314132230356,Azores / Macaronesia,OBIS,FALSE
38.7009,-27.5774,96.32632798980922,Azores / Macaronesia,OBIS,FALSE
38.9399,-28.5526,94.65624685864896,Azores / Macaronesia,OBIS,FALSE
39.2546,-27.391,86.50691419607028,Azores / Macaronesia,OBIS,FALSE
38.8245,-28.0312,89.93460710160434,Azores / Macaronesia,OBIS,FALSE
39.0673,-27.7991,100.1810203352943,Azores / Macaronesia,OBIS,FALSE
38.6757,-28.0349,30.65263298107311,Azores / Macaronesia,OBIS,FALSE
37.989,-28.2764,117.40718086017296,Azores / Macaronesia,OBIS,FALSE
38.1555,-27.3894,79.60497879423201,Azores / Macaronesia,OBIS,FALSE
39.2548,-27.4744,54.720708592794836,Azores / Macaronesia,OBIS,FALSE
38.7816,-28.4279,77.96217694412917,Azores / Macaronesia,OBIS,FALSE
38.2329,-28.0064,64.83879641862586,Azores / Macaronesia,OBIS,FALSE
38.2177,-27.7844,100.32554871635512,Azores / Macaronesia,OBIS,FALSE
38.1317,-28.7139,49.43448521196842,Azores / Macaronesia,OBIS,FALSE
35.5594,19.82,42.732838401570916,Mediterranean (E. Basin),OBIS,FALSE
35.4,20.1914,43.76140364445746,Mediterranean (E. Basin),OBIS,FALSE
35.1233,19.8614,92.77417789911851,Mediterranean (E. Basin),OBIS,FALSE
35.9857,19.1823,99.97105695540085,Mediterranean (E. Basin),OBIS,FALSE
35.5074,19.4065,89.60732475854456,Mediterranean (E. Basin),OBIS,FALSE
35.8031,19.6308,61.980130246374756,Mediterranean (E. Basin),OBIS,FALSE
35.348,20.0697,99.34752431465313,Mediterranean (E. Basin),OBIS,FALSE
35.57,19.2731,33.02859796443954,Mediterranean (E. Basin),OBIS,FALSE
35.9134,20.2,94.98562831664458,Mediterranean (E. Basin),OBIS,FALSE
35.7703,20.4254,54.45536083774641,Mediterranean (E. Basin),OBIS,FALSE
35.8765,19.7739,44.04741933569312,Mediterranean (E. Basin),OBIS,FALSE
34.7693,20.3776,79.55061820801347,Mediterranean (E. Basin),OBIS,FALSE
35.5709,20.3892,67.04004509141669,Mediterranean (E. Basin),OBIS,FALSE
35.4233,19.9931,62.22230172716081,Mediterranean (E. Basin),OBIS,FALSE
35.2399,19.856,50.472110614646226,Mediterranean (E. Basin),OBIS,FALSE
35.2757,19.9239,96.63400667021051,Mediterranean (E. Basin),OBIS,FALSE
36.1703,19.249,35.00169938663021,Mediterranean (E. Basin),OBIS,FALSE
35.6722,20.2241,60.770657842513174,Mediterranean (E. Basin),OBIS,FALSE
35.4422,20.1342,32.22192662069574,Mediterranean (E. Basin),OBIS,FALSE
35.8756,19.9388,97.35167017672211,Mediterranean (E. Basin),OBIS,FALSE
35.2818,18.9126,64.57400760846213,Mediterranean (E. Basin),OBIS,FALSE
35.5555,20.1169,90.1889965753071,Mediterranean (E. Basin),OBIS,FALSE
36.0787,20.2261,38.31654282985255,Mediterranean (E. Basin),OBIS,FALSE
35.3669,19.6503,78.78893028246239,Mediterranean (E. Basin),OBIS,FALSE
35.1803,20.4036,74.11740075564012,Mediterranean (E. Basin),OBIS,FALSE
35.2807,20.2308,70.28582798084244,Mediterranean (E. Basin),OBIS,FALSE
35.0797,19.5248,85.34509390592575,Mediterranean (E. Basin),OBIS,FALSE
35.6011,19.6166,77.08685914054513,Mediterranean (E. Basin),OBIS,FALSE
35.631100000000004,19.9117,92.43232531705871,Mediterranean (E. Basin),OBIS,FALSE
35.8423,19.6038,91.98017272399738,Mediterranean (E. Basin),OBIS,FALSE
36.2207,19.5816,57.9413107316941,Mediterranean (E. Basin),OBIS,FALSE
36.0621,20.5439,78.85342937661335,Mediterranean (E. Basin),OBIS,FALSE
34.9997,19.5376,90.61123019084334,Mediterranean (E. Basin),OBIS,FALSE
36.2996,20.1043,41.62542758975178,Mediterranean (E. Basin),OBIS,FALSE
35.5557,19.3767,91.01494782604277,Mediterranean (E. Basin),OBIS,FALSE
35.3453,19.9971,49.11934925476089,Mediterranean (E. Basin),OBIS,FALSE
36.2423,20.2271,75.25349208153784,Mediterranean (E. Basin),OBIS,FALSE
35.6715,20.4444,59.88154727034271,Mediterranean (E. Basin),OBIS,FALSE
36.1923,19.5523,50.54171137046069,Mediterranean (E. Basin),OBIS,FALSE
35.4826,19.7019,81.14872915437445,Mediterranean (E. Basin),OBIS,FALSE
35.2076,20.3583,88.07671007001773,Mediterranean (E. Basin),OBIS,FALSE
34.7136,20.2361,59.509621888864785,Mediterranean (E. Basin),OBIS,FALSE
35.9507,19.8846,32.178976852446795,Mediterranean (E. Basin),OBIS,FALSE
35.1448,20.0193,58.73551112599671,Mediterranean (E. Basin),OBIS,FALSE
35.8485,19.8044,93.67758833337575,Mediterranean (E. Basin),OBIS,FALSE
35.548,20.2852,44.68968739500269,Mediterranean (E. Basin),OBIS,FALSE
35.689,20.1394,92.54983957158402,Mediterranean (E. Basin),OBIS,FALSE
36.0067,19.9626,60.90086109936237,Mediterranean (E. Basin),OBIS,FALSE
35.3059,19.6618,61.80445558857173,Mediterranean (E. Basin),OBIS,FALSE
35.3154,20.111,31.066939518786967,Mediterranean (E. Basin),OBIS,FALSE
35.4073,19.8844,72.00591417960823,Mediterranean (E. Basin),OBIS,FALSE
35.9241,19.2595,74.35876904753968,Mediterranean (E. Basin),OBIS,FALSE
35.3101,19.6178,32.817232015077025,Mediterranean (E. Basin),OBIS,FALSE
35.4298,19.3251,74.34605217538774,Mediterranean (E. Basin),OBIS,FALSE
35.8185,20.3733,47.29798501357436,Mediterranean (E. Basin),OBIS,FALSE
35.8115,20.6056,94.8433730378747,Mediterranean (E. Basin),OBIS,FALSE
35.8187,20.9417,52.682528658770025,Mediterranean (E. Basin),OBIS,FALSE
35.5196,20.8546,81.77389020798728,Mediterranean (E. Basin),OBIS,FALSE
35.805,19.699,97.82983120298013,Mediterranean (E. Basin),OBIS,FALSE
35.6144,19.4988,93.39980463963002,Mediterranean (E. Basin),OBIS,FALSE
35.2469,19.7501,34.67988569987938,Mediterranean (E. Basin),OBIS,FALSE
36.2218,20.5088,40.61866800999269,Mediterranean (E. Basin),OBIS,FALSE
34.7548,19.6025,41.566040033940226,Mediterranean (E. Basin),OBIS,FALSE
35.8382,19.7166,59.78218753589317,Mediterranean (E. Basin),OBIS,FALSE
35.6367,19.7013,72.3000862938352,Mediterranean (E. Basin),OBIS,FALSE
35.5091,19.8891,67.38409725483507,Mediterranean (E. Basin),OBIS,FALSE
35.2554,20.264,71.93021573359147,Mediterranean (E. Basin),OBIS,FALSE
35.3958,19.3951,42.58717775577679,Mediterranean (E. Basin),OBIS,FALSE
36.2223,19.9914,59.00073900585994,Mediterranean (E. Basin),OBIS,FALSE
35.4612,19.2982,37.269212375395,Mediterranean (E. Basin),OBIS,FALSE
35.3462,20.4142,66.27919797087088,Mediterranean (E. Basin),OBIS,FALSE
35.1487,20.345,57.731259553693235,Mediterranean (E. Basin),OBIS,FALSE
35.3018,20.1062,84.70239265821874,Mediterranean (E. Basin),OBIS,FALSE
35.4663,19.9075,66.92088959738612,Mediterranean (E. Basin),OBIS,FALSE
34.9569,20.4097,56.30229281028733,Mediterranean (E. Basin),OBIS,FALSE
35.9571,20.2469,99.73240315215662,Mediterranean (E. Basin),OBIS,FALSE
35.5391,19.5316,90.21779981441796,Mediterranean (E. Basin),OBIS,FALSE
36.086,21.0077,43.539095788728446,Mediterranean (E. Basin),OBIS,FALSE
35.8962,19.7468,84.7547476622276,Mediterranean (E. Basin),OBIS,FALSE
36.0658,19.5906,92.53757342463359,Mediterranean (E. Basin),OBIS,FALSE
34.9656,20.1743,97.15957627864555,Mediterranean (E. Basin),OBIS,FALSE
35.7318,20.1069,74.52593652997166,Mediterranean (E. Basin),OBIS,FALSE
35.3553,20.0606,57.68005296587944,Mediterranean (E. Basin),OBIS,FALSE
35.4813,19.4284,93.02043525967747,Mediterranean (E. Basin),OBIS,FALSE
35.2602,20.0369,40.389842183794826,Mediterranean (E. Basin),OBIS,FALSE
35.586,20.1549,62.4826154881157,Mediterranean (E. Basin),OBIS,FALSE
35.5375,20.8975,71.356244252529,Mediterranean (E. Basin),OBIS,FALSE
34.6521,19.6874,40.12255416950211,Mediterranean (E. Basin),OBIS,FALSE
-33.159,26.796,95.72935542091727,South Africa (Agulhas),OBIS,FALSE
-33.4383,26.1566,108.55277938768268,South Africa (Agulhas),OBIS,FALSE
-33.8887,26.6208,103.37624641135335,South Africa (Agulhas),OBIS,FALSE
-33.9406,26.1156,93.77821972593665,South Africa (Agulhas),OBIS,FALSE
-33.7761,25.701,107.95213766396046,South Africa (Agulhas),OBIS,FALSE
-34.1335,25.5772,48.95076081156731,South Africa (Agulhas),OBIS,FALSE
-33.4449,26.8469,32.041452284902334,South Africa (Agulhas),OBIS,FALSE
-32.8991,26.5304,69.28134869784117,South Africa (Agulhas),OBIS,FALSE
-33.4228,26.6541,57.78764361515641,South Africa (Agulhas),OBIS,FALSE
-33.2891,25.6759,81.28857515752316,South Africa (Agulhas),OBIS,FALSE
-34.0933,26.4419,102.45694387704134,South Africa (Agulhas),OBIS,FALSE
-34.1157,26.5392,78.52231208235025,South Africa (Agulhas),OBIS,FALSE
-33.8586,27.1605,43.15982207655907,South Africa (Agulhas),OBIS,FALSE
-33.2116,26.221,68.13949316740036,South Africa (Agulhas),OBIS,FALSE
-33.8538,26.8201,58.775334898382425,South Africa (Agulhas),OBIS,FALSE
-33.2766,26.4885,43.11601638793945,South Africa (Agulhas),OBIS,FALSE
-33.5875,26.872,38.87873496860266,South Africa (Agulhas),OBIS,FALSE
-33.3466,26.5662,108.76483796164393,South Africa (Agulhas),OBIS,FALSE
-33.9156,26.5624,46.582445707172155,South Africa (Agulhas),OBIS,FALSE
-33.8796,26.434,76.25509835779667,South Africa (Agulhas),OBIS,FALSE
-33.5417,26.5352,48.87736363336444,South Africa (Agulhas),OBIS,FALSE
-33.5835,26.534300000000002,87.00795328244567,South Africa (Agulhas),OBIS,FALSE
-34.2155,26.4314,46.19178742170334,South Africa (Agulhas),OBIS,FALSE
-33.2852,26.4412,98.66780081763864,South Africa (Agulhas),OBIS,FALSE
-34.2799,26.84,86.95001520216465,South Africa (Agulhas),OBIS,FALSE
-33.6661,26.4256,42.603045012801886,South Africa (Agulhas),OBIS,FALSE
-33.4779,26.1658,31.36807445436716,South Africa (Agulhas),OBIS,FALSE
-33.7808,26.4622,48.011721167713404,South Africa (Agulhas),OBIS,FALSE
-34.0615,25.9927,69.70771957188845,South Africa (Agulhas),OBIS,FALSE
-33.6595,27.1875,55.608507469296455,South Africa (Agulhas),OBIS,FALSE
-33.5442,27.4987,104.15600745007396,South Africa (Agulhas),OBIS,FALSE
-33.8696,26.4899,30.340415500104427,South Africa (Agulhas),OBIS,FALSE
-34.0429,26.5028,36.94878248497844,South Africa (Agulhas),OBIS,FALSE
-33.9778,26.1073,82.01750077307224,South Africa (Agulhas),OBIS,FALSE
-33.7114,26.6229,84.40283741801977,South Africa (Agulhas),OBIS,FALSE
-33.6811,26.8918,81.0010446421802,South Africa (Agulhas),OBIS,FALSE
-32.9322,26.8123,39.75411009043455,South Africa (Agulhas),OBIS,FALSE
-34.0143,26.4969,108.78874354064465,South Africa (Agulhas),OBIS,FALSE
-33.3475,27.0034,60.822746343910694,South Africa (Agulhas),OBIS,FALSE
-33.667,27.2067,61.56397392973304,South Africa (Agulhas),OBIS,FALSE
-33.4629,26.3754,75.16674449667335,South Africa (Agulhas),OBIS,FALSE
-33.7654,26.6708,91.47087952122092,South Africa (Agulhas),OBIS,FALSE
-33.1789,26.9618,96.7964000813663,South Africa (Agulhas),OBIS,FALSE
-34.1812,26.3851,63.16160412505269,South Africa (Agulhas),OBIS,FALSE
-33.4384,26.5531,77.46154794469476,South Africa (Agulhas),OBIS,FALSE
-33.4896,26.0575,59.475349728018045,South Africa (Agulhas),OBIS,FALSE
-33.0777,26.1479,49.083559680730104,South Africa (Agulhas),OBIS,FALSE
-33.5898,25.5445,92.76921540498734,South Africa (Agulhas),OBIS,FALSE
-33.3014,26.224,91.95403527468443,South Africa (Agulhas),OBIS,FALSE
-33.3401,26.2889,60.882768984884024,South Africa (Agulhas),OBIS,FALSE
-33.7588,26.9265,34.349809512495995,South Africa (Agulhas),OBIS,FALSE
-33.5335,26.0622,79.46603029966354,South Africa (Agulhas),OBIS,FALSE
-33.5534,26.466,91.54912944883108,South Africa (Agulhas),OBIS,FALSE
-33.0522,26.3336,40.973314344882965,South Africa (Agulhas),OBIS,FALSE
-6.4043,71.8466,48.00894015468657,Chagos / BIOT,OBIS / Moore et al. 2019,FALSE
-6.3838,72.0554,59.5149062667042,Chagos / BIOT,OBIS / Moore et al. 2019,FALSE
-5.5626,72.601,43.606101386249065,Chagos / BIOT,OBIS / Moore et al. 2019,FALSE
-6.3335,71.5376,86.17660315008834,Chagos / BIOT,OBIS / Moore et al. 2019,FALSE
-6.355,72.2706,89.72798948874697,Chagos / BIOT,OBIS / Moore et al. 2019,FALSE
-6.2873,71.7225,96.62752625765279,Chagos / BIOT,OBIS / Moore et al. 2019,FALSE
-5.8808,71.5482,32.270099450834095,Chagos / BIOT,OBIS / Moore et al. 2019,FALSE
-6.1154,72.3389,64.13153971778229,Chagos / BIOT,OBIS / Moore et al. 2019,FALSE
-6.3646,71.4863,56.716627408750355,Chagos / BIOT,OBIS / Moore et al. 2019,FALSE
-6.7444,71.6195,54.265644911210984,Chagos / BIOT,OBIS / Moore et al. 2019,FALSE
-6.3572,72.4046,52.6342754275538,Chagos / BIOT,OBIS / Moore et al. 2019,FALSE
-6.4434,71.9572,87.44631579844281,Chagos / BIOT,OBIS / Moore et al. 2019,FALSE
-7.2345,72.6323,44.35205648187548,Chagos / BIOT,OBIS / Moore et al. 2019,FALSE
-7.1164,73.0835,139.93781751254573,Chagos / BIOT,OBIS / Moore et al. 2019,FALSE
-7.2178,72.0795,93.17916030064225,Chagos / BIOT,OBIS / Moore et al. 2019,FALSE
-5.9342,72.3042,68.19824742851779,Chagos / BIOT,OBIS / Moore et al. 2019,FALSE
-6.2527,72.0453,89.71269834786654,Chagos / BIOT,OBIS / Moore et al. 2019,FALSE
-7.4402,71.7749,59.72152779344469,Chagos / BIOT,OBIS / Moore et al. 2019,FALSE
-6.3132,71.7128,107.35911298077554,Chagos / BIOT,OBIS / Moore et al. 2019,FALSE
-6.4745,72.4305,54.37514712102711,Chagos / BIOT,OBIS / Moore et al. 2019,FALSE
-6.6025,72.2917,135.32517216168344,Chagos / BIOT,OBIS / Moore et al. 2019,FALSE
-6.7978,72.1888,106.13053839188069,Chagos / BIOT,OBIS / Moore et al. 2019,FALSE
3.4924,73.8556,56.23151038773358,Maldives,OBIS,TRUE
4.3451,73.0466,78.4454049076885,Maldives,OBIS,TRUE
3.7692,73.061,88.59701841138303,Maldives,OBIS,TRUE
3.9471,73.562,31.20460320264101,Maldives,OBIS,TRUE
4.2347,73.7163,32.05484165344387,Maldives,OBIS,TRUE
4.214,73.9603,43.13466152641922,Maldives,OBIS,TRUE
3.8426,74.0908,32.61582735925913,Maldives,OBIS,TRUE
3.7838,73.5729,60.26267145294696,Maldives,OBIS,TRUE
4.1038,73.0596,39.5361223211512,Maldives,OBIS,TRUE
3.5287,73.019,63.356821769848466,Maldives,OBIS,TRUE
4.1225,73.1133,53.70464287698269,Maldives,OBIS,TRUE
4.0694,74.0578,63.43740946613252,Maldives,OBIS,TRUE
4.1002,73.6617,57.84963253419846,Maldives,OBIS,TRUE
3.8888,74.0961,33.84012241847813,Maldives,OBIS,TRUE
3.3101,73.2277,86.9678970426321,Maldives,OBIS,TRUE
3.1973,73.4791,56.12905033864081,Maldives,OBIS,TRUE
3.4833,73.7547,49.48460498359054,Maldives,OBIS,TRUE
4.1463,73.6428,30.436125760897994,Maldives,OBIS,TRUE
12.9391,120.5298,72.54596456885338,Philippines (Verde Is. Passage),OBIS,TRUE
12.7064,120.4056,68.52994395419955,Philippines (Verde Is. Passage),OBIS,TRUE
12.6872,120.0219,58.3789332723245,Philippines (Verde Is. Passage),OBIS,TRUE
13.2206,121.2601,65.1239106617868,Philippines (Verde Is. Passage),OBIS,TRUE
12.3557,121.239,70.41610501008108,Philippines (Verde Is. Passage),OBIS,TRUE
13.2993,120.9976,64.52109526842833,Philippines (Verde Is. Passage),OBIS,TRUE
13.1797,121.814,73.54763982119039,Philippines (Verde Is. Passage),OBIS,TRUE
12.652,121.1105,68.48016462288797,Philippines (Verde Is. Passage),OBIS,TRUE
12.9609,120.8014,31.667601440567523,Philippines (Verde Is. Passage),OBIS,TRUE
7.8572,134.9681,76.7609370360151,Palau,OBIS / Lindfield et al. 2016,FALSE
8.0404,134.9017,103.6524946987629,Palau,OBIS / Lindfield et al. 2016,FALSE
8.0956,134.2173,76.18581174872816,Palau,OBIS / Lindfield et al. 2016,FALSE
7.6484,134.5274,62.45785078033805,Palau,OBIS / Lindfield et al. 2016,FALSE
7.4142,134.855,120.40041933767498,Palau,OBIS / Lindfield et al. 2016,FALSE
7.6822,134.8804,62.110063498839736,Palau,OBIS / Lindfield et al. 2016,FALSE
7.3968,134.4468,35.78759757336229,Palau,OBIS / Lindfield et al. 2016,FALSE
7.0988,133.9858,44.17567308526486,Palau,OBIS / Lindfield et al. 2016,FALSE
7.8377,135.1645,97.6382073899731,Palau,OBIS / Lindfield et al. 2016,FALSE
7.7779,134.5546,66.10680233687162,Palau,OBIS / Lindfield et al. 2016,FALSE
8.0044,134.3143,31.429985440336168,Palau,OBIS / Lindfield et al. 2016,FALSE
8.1666,134.3774,39.035047073848546,Palau,OBIS / Lindfield et al. 2016,FALSE
8.0887,134.3257,116.66829008143395,Palau,OBIS / Lindfield et al. 2016,FALSE
7.8157,133.8169,50.4587739193812,Palau,OBIS / Lindfield et al. 2016,FALSE
7.4854,134.4315,36.48744406644255,Palau,OBIS / Lindfield et al. 2016,FALSE
7.4635,134.8955,80.27157990261912,Palau,OBIS / Lindfield et al. 2016,FALSE
7.3349,135.4143,80.13511325232685,Palau,OBIS / Lindfield et al. 2016,FALSE
7.1876,134.2856,70.0407396024093,Palau,OBIS / Lindfield et al. 2016,FALSE
7.344,134.4244,99.1602875245735,Palau,OBIS / Lindfield et al. 2016,FALSE
7.7455,134.7629,107.21165246330202,Palau,OBIS / Lindfield et al. 2016,FALSE
7.6539,134.4331,89.35235375072807,Palau,OBIS / Lindfield et al. 2016,FALSE
7.0177,134.2853,31.205468690022826,Palau,OBIS / Lindfield et al. 2016,FALSE
7.9791,134.3666,36.49821190163493,Palau,OBIS / Lindfield et al. 2016,FALSE
8.0165,134.5892,109.72790792118758,Palau,OBIS / Lindfield et al. 2016,FALSE
8.0932,133.6033,113.75507635064423,Palau,OBIS / Lindfield et al. 2016,FALSE
7.0106,134.2429,97.72643791045994,Palau,OBIS / Lindfield et al. 2016,FALSE
7.3347,134.5518,63.75762153882533,Palau,OBIS / Lindfield et al. 2016,FALSE
25.8362,127.7003,38.65933373104781,Japan (Ryukyu Islands),OBIS,TRUE
25.8195,127.1077,76.17988557787612,Japan (Ryukyu Islands),OBIS,TRUE
25.7741,127.2606,58.07045579189435,Japan (Ryukyu Islands),OBIS,TRUE
25.776,126.8252,82.878408576361835,Japan (Ryukyu Islands),OBIS,TRUE
25.6118,127.6852,63.239494508598,Japan (Ryukyu Islands),OBIS,TRUE
25.7749,127.7532,116.43852225970477,Japan (Ryukyu Islands),OBIS,TRUE
25.8672,127.4704,73.51819870993495,Japan (Ryukyu Islands),OBIS,TRUE
26.0775,127.5112,31.273157636169344,Japan (Ryukyu Islands),OBIS,TRUE
26.2423,126.4952,42.438181336037815,Japan (Ryukyu Islands),OBIS,TRUE
26.3831,128.0654,82.15148959541693,Japan (Ryukyu Islands),OBIS,TRUE
25.6797,127.3787,40.18700525863096,Japan (Ryukyu Islands),OBIS,TRUE
26.017,127.2603,89.34423076920211,Japan (Ryukyu Islands),OBIS,TRUE
26.9343,127.5079,116.65576947620139,Japan (Ryukyu Islands),OBIS,TRUE
25.8153,127.7411,119.70998189644888,Japan (Ryukyu Islands),OBIS,TRUE
26.2962,128.1295,45.68273110315204,Japan (Ryukyu Islands),OBIS,TRUE
25.7207,127.6554,73.39382283389568,Japan (Ryukyu Islands),OBIS,TRUE
26.4261,127.05,47.88716400973499,Japan (Ryukyu Islands),OBIS,TRUE
26.2182,127.4683,41.380692122038454,Japan (Ryukyu Islands),OBIS,TRUE
25.6327,127.543,76.44355292664841,Japan (Ryukyu Islands),OBIS,TRUE
26.4101,127.5657,112.03396137105301,Japan (Ryukyu Islands),OBIS,TRUE
26.4503,127.8938,105.93740304233506,Japan (Ryukyu Islands),OBIS,TRUE
20.8531,38.4651,36.16669127717614,Red Sea (Central),OBIS,TRUE
19.3928,38.1873,43.4088777936995,Red Sea (Central),OBIS,TRUE
20.5575,39.057,102.12378894910216,Red Sea (Central),OBIS,TRUE
21.108,39.5981,78.69469521567225,Red Sea (Central),OBIS,TRUE
20.4315,38.3799,31.48842127993703,Red Sea (Central),OBIS,TRUE
20.2367,38.876,100.60335915535688,Red Sea (Central),OBIS,TRUE
20.4383,38.933,35.51963344216347,Red Sea (Central),OBIS,TRUE
19.5468,38.868,74.87124618142843,Red Sea (Central),OBIS,TRUE
20.0447,38.3375,80.80454599112272,Red Sea (Central),OBIS,TRUE
20.4651,38.7658,63.49978990852833,Red Sea (Central),OBIS,TRUE
20.8341,38.9908,35.38742918521166,Red Sea (Central),OBIS,TRUE
20.5848,39.6956,80.65401621162891,Red Sea (Central),OBIS,TRUE
20.7565,38.6599,105.09349785745144,Red Sea (Central),OBIS,TRUE
20.0872,38.5286,73.4506843984127,Red Sea (Central),OBIS,TRUE
-16.4057,40.1205,37.0979565102607,Mozambique Channel,OBIS,TRUE
-16.5238,40.5054,39.316794807091355,Mozambique Channel,OBIS,TRUE
-16.7531,40.7824,80.81151118967682,Mozambique Channel,OBIS,TRUE
-17.0692,40.7663,67.301996648311615,Mozambique Channel,OBIS,TRUE
-16.6554,40.1375,57.835166389122605,Mozambique Channel,OBIS,TRUE
-17.248,40.5019,41.44888734910637,Mozambique Channel,OBIS,TRUE
-17.3513,40.0668,65.52719242405146,Mozambique Channel,OBIS,TRUE
-17.8914,40.6626,88.39698781259358,Mozambique Channel,OBIS,TRUE
-4.9227,40.5363,72.31562735512853,Tanzania / Kenya coast,OBIS,TRUE
-5.9251,40.9861,39.31754151824862,Tanzania / Kenya coast,OBIS,TRUE
-5.0097,40.5603,34.10865222802386,Tanzania / Kenya coast,OBIS,TRUE
-4.8235,40.9027,77.32328966492787,Tanzania / Kenya coast,OBIS,TRUE
-4.6842,40.7362,67.89509009802714,Tanzania / Kenya coast,OBIS,TRUE
-4.5913,40.1604,63.3706398610957,Tanzania / Kenya coast,OBIS,TRUE
14.2461,-22.5965,39.466273840516806,W Africa (Cape Verde shelf),OBIS,TRUE
13.6562,-22.0163,73.36519677657634,W Africa (Cape Verde shelf),OBIS,TRUE
14.3563,-21.1219,40.25048785842955,W Africa (Cape Verde shelf),OBIS,TRUE
14.0253,-21.6947,60.29941041022539,W Africa (Cape Verde shelf),OBIS,TRUE
-1.7459,-90.7906,85.06164545658976,Ecuador / Galapagos,OBIS,FALSE
-1.0453,-90.7441,38.1488820258528,Ecuador / Galapagos,OBIS,FALSE
-1.7134,-90.4842,85.52427368238568,Ecuador / Galapagos,OBIS,FALSE
-1.4214,-90.324700000000007,78.53523401543498,Ecuador / Galapagos,OBIS,FALSE
-1.2477,-90.6143,51.19064151775092,Ecuador / Galapagos,OBIS,FALSE
-1.2348,-90.4833,71.067109326832,Ecuador / Galapagos,OBIS,FALSE
-0.6292,-90.586,38.0347113776952,Ecuador / Galapagos,OBIS,FALSE
-1.0262,-90.4384,129.1173220332712,Ecuador / Galapagos,OBIS,FALSE
-1.3748,-90.5371,65.59115496464074,Ecuador / Galapagos,OBIS,FALSE
-1.2535,-91.6397,95.10828936006874,Ecuador / Galapagos,OBIS,FALSE
-1.2301,-91.3007,64.69820953905582,Ecuador / Galapagos,OBIS,FALSE
-0.9247,-91.0957,75.47032143454999,Ecuador / Galapagos,OBIS,FALSE
-0.7841,-91.0082,129.2612463887781,Ecuador / Galapagos,OBIS,FALSE
-1.1684,-90.2147,83.14934025518596,Ecuador / Galapagos,OBIS,FALSE
-1.1358,-90.8441,96.92197886295617,Ecuador / Galapagos,OBIS,FALSE
-0.7928,-90.5734,128.107780655846,Ecuador / Galapagos,OBIS,FALSE
-1.3478,-91.1085,115.61370521783829,Ecuador / Galapagos,OBIS,FALSE
-1.0643,-90.9251,35.3657662589103,Ecuador / Galapagos,OBIS,FALSE
-1.057,-91.0716,115.92208193149418,Ecuador / Galapagos,OBIS,FALSE
-1.3061,-91.0626,76.74788385163993,Ecuador / Galapagos,OBIS,FALSE
-1.2639,-90.2842,109.47954605333507,Ecuador / Galapagos,OBIS,FALSE
-1.123,-90.8766,86.01312699727714,Ecuador / Galapagos,OBIS,FALSE
-1.3528,-90.8539,96.02619183249772,Ecuador / Galapagos,OBIS,FALSE
-1.0381,-91.0168,91.2662390107289,Ecuador / Galapagos,OBIS,FALSE
-1.5104,-91.2396,93.68046698626131,Ecuador / Galapagos,OBIS,FALSE
-0.8498,-91.081,121.62828475236893,Ecuador / Galapagos,OBIS,FALSE
-1.1877,-91.4858,55.58341578114778,Ecuador / Galapagos,OBIS,FALSE
-0.6804,-91.0078,53.58841535169631,Ecuador / Galapagos,OBIS,FALSE
-0.8295,-91.3016,111.1874785926193,Ecuador / Galapagos,OBIS,FALSE
-33.7049,-79.5244,31.451314711011946,Chile (Juan Fernandez),OBIS,TRUE
-33.639,-79.3959,83.10746993869543,Chile (Juan Fernandez),OBIS,TRUE
-33.2562,-80.4682,50.92824233463034,Chile (Juan Fernandez),OBIS,TRUE
-33.2058,-80.5176,31.393755204044282,Chile (Juan Fernandez),OBIS,TRUE
-33.3093,-80.194,44.983029623981565,Chile (Juan Fernandez),OBIS,TRUE
-33.3687,-80.0239,43.67415735963732,Chile (Juan Fernandez),OBIS,TRUE
-34.2125,-79.9488,31.960730087012053,Chile (Juan Fernandez),OBIS,TRUE
-9.9522,-78.1808,31.74762449460104,Peru shelf,OBIS,TRUE
-10.5673,-78.9064,58.870095999445766,Peru shelf,OBIS,TRUE
-9.9696,-78.4014,73.22973724920303,Peru shelf,OBIS,TRUE
27.7357,-15.7556,79.76903346832842,Canary Islands,OBIS,TRUE
27.9578,-15.7409,70.75909434584901,Canary Islands,OBIS,TRUE
27.528,-15.2804,45.470695125404745,Canary Islands,OBIS,TRUE
27.9343,-15.4504,94.22872005030513,Canary Islands,OBIS,TRUE
28.6078,-15.2162,118.56827951269224,Canary Islands,OBIS,TRUE
28.7301,-15.8295,34.621455122251064,Canary Islands,OBIS,TRUE
27.0045,-15.4653,113.55687220813707,Canary Islands,OBIS,TRUE
27.3383,-15.5714,80.64481919864193,Canary Islands,OBIS,TRUE
27.4317,-15.0905,53.949412379879504,Canary Islands,OBIS,TRUE
27.4895,-15.5112,117.7887949347496,Canary Islands,OBIS,TRUE
28.8316,-15.8188,111.8383312295191,Canary Islands,OBIS,TRUE
28.4062,-15.2125,42.8603109321557,Canary Islands,OBIS,TRUE
27.9562,-15.2899,40.819031016435474,Canary Islands,OBIS,TRUE
28.3926,-15.1738,93.09010371565819,Canary Islands,OBIS,TRUE
28.9045,-15.4318,80.25269036181271,Canary Islands,OBIS,TRUE
28.2548,-15.8351,104.95511597022414,Canary Islands,OBIS,TRUE
28.7102,-16.0942,118.97505159722641,Canary Islands,OBIS,TRUE
27.541,-15.0598,34.27161403466016,Canary Islands,OBIS,TRUE
27.5683,-15.1259,104.14065400371328,Canary Islands,OBIS,TRUE
-31.0728,159.0155,86.56929655000567,Lord Howe Island,Squidle+ / GlobalArchive,FALSE
-31.1433,158.0421,57.91773911565542,Lord Howe Island,Squidle+ / GlobalArchive,FALSE
-31.152,158.9615,85.21732408553362,Lord Howe Island,Squidle+ / GlobalArchive,FALSE
-31.3057,159.3276,31.214035227894783,Lord Howe Island,Squidle+ / GlobalArchive,FALSE
-31.6884,158.8034,63.54030627757311,Lord Howe Island,Squidle+ / GlobalArchive,FALSE
-31.1201,159.1247,91.27560766413808,Lord Howe Island,Squidle+ / GlobalArchive,FALSE
-30.7609,158.585,103.93434690311551,Lord Howe Island,Squidle+ / GlobalArchive,FALSE
-31.0038,159.2054,46.25460058450699,Lord Howe Island,Squidle+ / GlobalArchive,FALSE
-32.0523,158.4674,76.65128830820322,Lord Howe Island,Squidle+ / GlobalArchive,FALSE
-31.3101,158.7793,106.28714729100466,Lord Howe Island,Squidle+ / GlobalArchive,FALSE
-31.4951,159.4943,62.277325075119734,Lord Howe Island,Squidle+ / GlobalArchive,FALSE
-31.4652,158.9111,102.44298132136464,Lord Howe Island,Squidle+ / GlobalArchive,FALSE
-31.5729,159.5684,66.99170034378767,Lord Howe Island,Squidle+ / GlobalArchive,FALSE
-32.0063,159.1461,80.98778435960412,Lord Howe Island,Squidle+ / GlobalArchive,FALSE
-31.3675,159.4927,40.96946755424142,Lord Howe Island,Squidle+ / GlobalArchive,FALSE
-30.9593,158.9734,103.66070087999105,Lord Howe Island,Squidle+ / GlobalArchive,FALSE
-30.8454,159.2724,88.43303913250566,Lord Howe Island,Squidle+ / GlobalArchive,FALSE
-31.308,159.2133,34.981913678348064,Lord Howe Island,Squidle+ / GlobalArchive,FALSE
-31.7945,158.8474,56.02259464561939,Lord Howe Island,Squidle+ / GlobalArchive,FALSE
-31.7332,159.6384,108.8105969876051,Lord Howe Island,Squidle+ / GlobalArchive,FALSE
-31.7446,159.3562,72.64434536918998,Lord Howe Island,Squidle+ / GlobalArchive,FALSE
-31.2587,158.6702,105.77126406133175,Lord Howe Island,Squidle+ / GlobalArchive,FALSE
-31.5943,159.4757,85.15554958954453,Lord Howe Island,Squidle+ / GlobalArchive,FALSE
-30.3383,158.8082,101.2481228262186,Lord Howe Island,Squidle+ / GlobalArchive,FALSE
-31.6073,157.9528,70.98309058696032,Lord Howe Island,Squidle+ / GlobalArchive,FALSE
-31.4408,158.9113,84.37727542594075,Lord Howe Island,Squidle+ / GlobalArchive,FALSE
-31.5827,158.6293,35.18786100670695,Lord Howe Island,Squidle+ / GlobalArchive,FALSE
-31.757,158.83690000000001,46.75019208341837,Lord Howe Island,Squidle+ / GlobalArchive,FALSE
-31.161,158.7591,92.9497991502285,Lord Howe Island,Squidle+ / GlobalArchive,FALSE
-31.711,158.0225,55.20430827513337,Lord Howe Island,Squidle+ / GlobalArchive,FALSE
-31.4991,158.7988,53.9993055164814,Lord Howe Island,Squidle+ / GlobalArchive,FALSE
-31.6128,159.3851,57.46162414550781,Lord Howe Island,Squidle+ / GlobalArchive,FALSE
-32.6314,158.326,46.829689145088196,Lord Howe Island,Squidle+ / GlobalArchive,FALSE
-31.2396,159.5802,103.0380730330944,Lord Howe Island,Squidle+ / GlobalArchive,FALSE
-31.4369,159.6118,58.242917228490114,Lord Howe Island,Squidle+ / GlobalArchive,FALSE
-31.8414,158.6212,32.17564720660448,Lord Howe Island,Squidle+ / GlobalArchive,FALSE
-30.9548,159.9179,46.02271094918251,Lord Howe Island,Squidle+ / GlobalArchive,FALSE
-32.0052,158.5602,59.78702012449503,Lord Howe Island,Squidle+ / GlobalArchive,FALSE
-9.7112,127.0575,71.86737284995615,Timor Sea / Banda Sea,OBIS,TRUE
-9.2748,126.8422,72.82392797525972,Timor Sea / Banda Sea,OBIS,TRUE
-9.4737,127.5038,72.66474004369229,Timor Sea / Banda Sea,OBIS,TRUE
-8.6841,126.4986,32.679321113973856,Timor Sea / Banda Sea,OBIS,TRUE
-8.9656,126.8152,57.18563354574144,Timor Sea / Banda Sea,OBIS,TRUE
-9.148,126.4046,47.82196351792663,Timor Sea / Banda Sea,OBIS,TRUE
-8.9963,127.3353,53.288466590456665,Timor Sea / Banda Sea,OBIS,TRUE
-9.3804,127.229,86.57175367232412,Timor Sea / Banda Sea,OBIS,TRUE
-8.9273,126.9484,68.33671855274588,Timor Sea / Banda Sea,OBIS,TRUE
-8.9239,126.6784,64.0476640406996,Timor Sea / Banda Sea,OBIS,TRUE
-9.0287,126.6107,37.258103135973215,Timor Sea / Banda Sea,OBIS,TRUE
-6.0011,147.0367,73.436935369391,Papua New Guinea,OBIS,TRUE
-6.4433,146.4406,44.77105141384527,Papua New Guinea,OBIS,TRUE
-5.6259,147.8229,53.48608128959313,Papua New Guinea,OBIS,TRUE
-6.5943,146.5592,36.3891772297211,Papua New Guinea,OBIS,TRUE
-5.1086,146.9704,71.07857681810856,Papua New Guinea,OBIS,TRUE
-5.3503,146.76,49.43844771012664,Papua New Guinea,OBIS,TRUE
-5.7921,146.8963,65.62416976783425,Papua New Guinea,OBIS,TRUE
-6.5408,146.968,62.69627862609923,Papua New Guinea,OBIS,TRUE
-9.3296,160.7164,72.91100897826254,Solomon Islands,OBIS,TRUE
-10.1653,160.1691,61.39661892782897,Solomon Islands,OBIS,TRUE
-9.608,160.1114,55.614142883569,Solomon Islands,OBIS,TRUE
-9.1837,160.8152,50.76700850157067,Solomon Islands,OBIS,TRUE
-9.1638,161.3046,37.833322940859944,Solomon Islands,OBIS,TRUE
-9.4868,160.7876,67.50069788657129,Solomon Islands,OBIS,TRUE
-18.0953,167.6778,39.58553217584267,Vanuatu / New Caledonia,OBIS / Squidle+,FALSE
-17.8946,167.5755,40.755635185632855,Vanuatu / New Caledonia,OBIS / Squidle+,FALSE
-18.6367,167.5309,115.46361867105588,Vanuatu / New Caledonia,OBIS / Squidle+,FALSE
-18.1505,166.7285,132.0884627220221,Vanuatu / New Caledonia,OBIS / Squidle+,FALSE
-17.275,167.729,66.97406785329804,Vanuatu / New Caledonia,OBIS / Squidle+,FALSE
-18.6952,167.2984,32.82450628466904,Vanuatu / New Caledonia,OBIS / Squidle+,FALSE
-17.3484,167.6193,52.75620604166761,Vanuatu / New Caledonia,OBIS / Squidle+,FALSE
-17.7888,168.1011,100.15179333044216,Vanuatu / New Caledonia,OBIS / Squidle+,FALSE
-18.1442,167.4446,112.98836271511391,Vanuatu / New Caledonia,OBIS / Squidle+,FALSE
-17.105,167.7324,50.9907080931589,Vanuatu / New Caledonia,OBIS / Squidle+,FALSE
-18.0161,167.216,101.76026594126597,Vanuatu / New Caledonia,OBIS / Squidle+,FALSE
-17.2423,168.0628,138.54150673141703,Vanuatu / New Caledonia,OBIS / Squidle+,FALSE
-17.9901,168.0714,43.689179013017565,Vanuatu / New Caledonia,OBIS / Squidle+,FALSE
-17.7786,167.809,44.2115495307371,Vanuatu / New Caledonia,OBIS / Squidle+,FALSE
-18.2297,167.8191,35.12484664330259,Vanuatu / New Caledonia,OBIS / Squidle+,FALSE
-18.3713,167.6186,119.5152872055769,Vanuatu / New Caledonia,OBIS / Squidle+,FALSE
-18.8002,167.6509,37.668952187523246,Vanuatu / New Caledonia,OBIS / Squidle+,FALSE
-18.2488,167.7002,80.29920638073236,Vanuatu / New Caledonia,OBIS / Squidle+,FALSE
-17.7091,167.4319,132.57884330581874,Vanuatu / New Caledonia,OBIS / Squidle+,FALSE
-18.4409,167.2795,91.89059578813612,Vanuatu / New Caledonia,OBIS / Squidle+,FALSE
-18.4638,167.3786,104.40690563526005,Vanuatu / New Caledonia,OBIS / Squidle+,FALSE
-18.1756,167.7118,97.10956713883206,Vanuatu / New Caledonia,OBIS / Squidle+,FALSE
-17.9363,167.3458,73.22578904684633,Vanuatu / New Caledonia,OBIS / Squidle+,FALSE
-17.6978,-150.2706,104.63747371220961,French Polynesia (Moorea),OBIS,FALSE
-17.0151,-149.2043,92.90208576712757,French Polynesia (Moorea),OBIS,FALSE
-17.3829,-149.4057,31.947723124176264,French Polynesia (Moorea),OBIS,FALSE
-17.5144,-149.7705,71.6118647530675,French Polynesia (Moorea),OBIS,FALSE
-17.941,-149.5938,98.91929532168433,French Polynesia (Moorea),OBIS,FALSE
-17.8743,-149.3381,35.97095884149894,French Polynesia (Moorea),OBIS,FALSE
-17.3157,-148.8419,93.99858882185072,French Polynesia (Moorea),OBIS,FALSE
-17.6329,-149.0716,102.78139358153567,French Polynesia (Moorea),OBIS,FALSE
-17.0575,-149.7425,35.1728253881447,French Polynesia (Moorea),OBIS,FALSE
-18.1535,-148.5138,104.52102259034291,French Polynesia (Moorea),OBIS,FALSE
-17.3659,-148.9812,35.356284629087895,French Polynesia (Moorea),OBIS,FALSE
-17.7099,-149.3044,38.08642809279263,French Polynesia (Moorea),OBIS,FALSE
-16.9147,-149.3482,59.13943198509514,French Polynesia (Moorea),OBIS,FALSE
-17.3291,-149.698,112.8478977503255,French Polynesia (Moorea),OBIS,FALSE
-17.9101,-149.2832,95.06194608053192,French Polynesia (Moorea),OBIS,FALSE
-18.0232,-149.2341,69.88878482719883,French Polynesia (Moorea),OBIS,FALSE
-17.4082,-149.5488,59.602030667010695,French Polynesia (Moorea),OBIS,FALSE
-17.6228,-149.3152,50.15803353628144,French Polynesia (Moorea),OBIS,FALSE
-17.5335,-149.8455,48.898501857183874,French Polynesia (Moorea),OBIS,FALSE
-17.5663,-149.0312,119.94769709184766,French Polynesia (Moorea),OBIS,FALSE
-17.238,-149.5359,35.584300013724715,French Polynesia (Moorea),OBIS,FALSE
-17.9299,-150.2312,68.88258032966405,French Polynesia (Moorea),OBIS,FALSE
-16.1116,-149.6821,37.50451429747045,French Polynesia (Moorea),OBIS,FALSE
-17.3824,-149.3911,34.088453482836485,French Polynesia (Moorea),OBIS,FALSE
-17.7145,-149.257,58.70326192583889,French Polynesia (Moorea),OBIS,FALSE
-17.5579,-149.9623,78.42938963323832,French Polynesia (Moorea),OBIS,FALSE
-17.2831,-149.4772,62.48679595766589,French Polynesia (Moorea),OBIS,FALSE
-17.2463,-149.5404,95.62070815823972,French Polynesia (Moorea),OBIS,FALSE
-18.2099,-149.6906,94.92674212669954,French Polynesia (Moorea),OBIS,FALSE
-18.3265,-149.88,108.12578162876889,French Polynesia (Moorea),OBIS,FALSE
-17.536,-150.0437,34.73939011339098,French Polynesia (Moorea),OBIS,FALSE
-17.1653,-149.409,88.36099247680977,French Polynesia (Moorea),OBIS,FALSE
-17.4335,-149.9435,43.694717071484774,French Polynesia (Moorea),OBIS,FALSE
-17.0898,-149.8168,70.95634343102574,French Polynesia (Moorea),OBIS,FALSE
-17.3387,-149.1897,96.96509659057483,French Polynesia (Moorea),OBIS,FALSE
-17.3354,-149.706,55.376035559456795,French Polynesia (Moorea),OBIS,FALSE
-16.8279,-149.3759,101.72836136072874,French Polynesia (Moorea),OBIS,FALSE
-17.9248,-149.0892,95.48115102108568,French Polynesia (Moorea),OBIS,FALSE
-17.8165,-149.4169,58.55568492086604,French Polynesia (Moorea),OBIS,FALSE
-17.3446,-149.4689,51.977787273935974,French Polynesia (Moorea),OBIS,FALSE
-17.3984,-149.7406,87.21102803014219,French Polynesia (Moorea),OBIS,FALSE
0.9251,-157.6058,78.99525862187147,Line Islands / Kiribati,OBIS,TRUE
2.0151,-157.6461,63.48212412558496,Line Islands / Kiribati,OBIS,TRUE
1.284,-157.1581,51.1453198408708,Line Islands / Kiribati,OBIS,TRUE
1.3098,-158.0449,37.22590686287731,Line Islands / Kiribati,OBIS,TRUE
2.4908,-157.1322,31.082108672708273,Line Islands / Kiribati,OBIS,TRUE
2.2641,-157.7708,45.711168204434216,Line Islands / Kiribati,OBIS,TRUE
1.5007,-157.2315,77.80948120169342,Line Islands / Kiribati,OBIS,TRUE
14.6667,146.0064,84.5164680853486,Micronesia (Guam/CNMI),OBIS,TRUE
13.7881,145.7061,53.480659243650734,Micronesia (Guam/CNMI),OBIS,TRUE
14.4115,145.3911,41.09051934443414,Micronesia (Guam/CNMI),OBIS,TRUE
14.5507,145.6259,60.611114599741995,Micronesia (Guam/CNMI),OBIS,TRUE
14.5324,144.8373,40.07610735017806,Micronesia (Guam/CNMI),OBIS,TRUE
14.5019,145.2789,86.81529239751399,Micronesia (Guam/CNMI),OBIS,TRUE
13.8851,145.3925,32.3366677807644,Micronesia (Guam/CNMI),OBIS,TRUE
13.7813,144.4276,55.851781563833356,Micronesia (Guam/CNMI),OBIS,TRUE
14.5016,146.206,85.33810338936746,Micronesia (Guam/CNMI),OBIS,TRUE
13.9713,145.6314,65.60273719020188,Micronesia (Guam/CNMI),OBIS,TRUE
13.727,145.9192,54.69803589396179,Micronesia (Guam/CNMI),OBIS,TRUE
13.59,145.4917,63.565374640747905,Micronesia (Guam/CNMI),OBIS,TRUE
14.5206,145.6935,49.73301848396659,Micronesia (Guam/CNMI),OBIS,TRUE
14.3032,146.2632,86.26085800118744,Micronesia (Guam/CNMI),OBIS,TRUE
14.5918,145.5108,58.74251576140523,Micronesia (Guam/CNMI),OBIS,TRUE
13.7522,145.6246,52.70170306786895,Micronesia (Guam/CNMI),OBIS,TRUE
55.1039,3.2179,63.16371191293001,North Sea / NE Atlantic,OBIS,FALSE
54.5654,3.1523,46.90596215426922,North Sea / NE Atlantic,OBIS,FALSE
55.0345,3.2564,55.43582111597061,North Sea / NE Atlantic,OBIS,FALSE
54.6615,2.9056,48.376491479575634,North Sea / NE Atlantic,OBIS,FALSE
55.1556,2.8753,57.147141471505165,North Sea / NE Atlantic,OBIS,FALSE
54.9849,2.5374,31.438760571181774,North Sea / NE Atlantic,OBIS,FALSE
55.5782,2.8663,82.98299254849553,North Sea / NE Atlantic,OBIS,FALSE
55.1269,2.8333,32.4652916751802,North Sea / NE Atlantic,OBIS,FALSE
54.8384,2.7695,56.42847195267677,North Sea / NE Atlantic,OBIS,FALSE
54.3039,3.2028,102.28348158299923,North Sea / NE Atlantic,OBIS,FALSE
54.8189,3.1177,79.85336542129517,North Sea / NE Atlantic,OBIS,FALSE
54.7656,2.5666,68.2970355823636,North Sea / NE Atlantic,OBIS,FALSE
55.4592,2.8303,88.0088216625154,North Sea / NE Atlantic,OBIS,FALSE
55.1829,3.1024,72.42995964363217,North Sea / NE Atlantic,OBIS,FALSE
54.7649,3.1394,53.60250521451235,North Sea / NE Atlantic,OBIS,FALSE
55.0912,3.0457,77.29419646784663,North Sea / NE Atlantic,OBIS,FALSE
55.0537,2.7575,42.33933908864856,North Sea / NE Atlantic,OBIS,FALSE
55.1317,3.6703,100.8685046620667,North Sea / NE Atlantic,OBIS,FALSE
54.881,3.1833,31.03297147899866,North Sea / NE Atlantic,OBIS,FALSE
55.474,2.7564,61.276414822787046,North Sea / NE Atlantic,OBIS,FALSE
55.5238,3.4976,46.1330658569932,North Sea / NE Atlantic,OBIS,FALSE
54.5318,2.8331,64.62095268070698,North Sea / NE Atlantic,OBIS,FALSE
55.3984,3.6756,30.003949478268623,North Sea / NE Atlantic,OBIS,FALSE
54.7012,3.012,95.99187923595309,North Sea / NE Atlantic,OBIS,FALSE
55.0887,2.5778,96.68455922976136,North Sea / NE Atlantic,OBIS,FALSE
55.4004,3.1769,99.58280047401786,North Sea / NE Atlantic,OBIS,FALSE
55.1977,3.4938,52.428749185055494,North Sea / NE Atlantic,OBIS,FALSE
54.9966,2.6773,96.88755489885807,North Sea / NE Atlantic,OBIS,FALSE
55.0385,2.585,100.39660202339292,North Sea / NE Atlantic,OBIS,FALSE
55.9003,3.1125,39.863516837358475,North Sea / NE Atlantic,OBIS,FALSE
55.5747,2.2648,109.7954935953021,North Sea / NE Atlantic,OBIS,FALSE
55.0042,2.8688,76.31181683391333,North Sea / NE Atlantic,OBIS,FALSE
54.8717,2.7699,52.47743608430028,North Sea / NE Atlantic,OBIS,FALSE
55.7367,3.2639,56.18743412196636,North Sea / NE Atlantic,OBIS,FALSE
55.036,2.2626,47.026333678513765,North Sea / NE Atlantic,OBIS,FALSE
55.1611,2.3908,56.05303641408682,North Sea / NE Atlantic,OBIS,FALSE
55.5238,2.8937,80.04566989839077,North Sea / NE Atlantic,OBIS,FALSE
54.7547,2.6435,78.99191537871957,North Sea / NE Atlantic,OBIS,FALSE
54.8258,3.15,76.14984188228846,North Sea / NE Atlantic,OBIS,FALSE
54.8472,2.8919,105.10660998523235,North Sea / NE Atlantic,OBIS,FALSE
55.0685,2.7715,70.77411580830812,North Sea / NE Atlantic,OBIS,FALSE
54.0334,3.5803,33.42970499768853,North Sea / NE Atlantic,OBIS,FALSE
54.8327,2.1718,96.59095909446478,North Sea / NE Atlantic,OBIS,FALSE
55.2829,3.9581,46.066169422119856,North Sea / NE Atlantic,OBIS,FALSE
57.6247,-8.9079,126.0933414939791,Scotland (Rockall/Hebrides),OBIS,TRUE
57.6403,-9.2908,88.76488541252911,Scotland (Rockall/Hebrides),OBIS,TRUE
56.8653,-9.4418,88.10212003067136,Scotland (Rockall/Hebrides),OBIS,TRUE
57.5866,-9.4265,72.11305467411876,Scotland (Rockall/Hebrides),OBIS,TRUE
57.4541,-8.7138,70.98711440339684,Scotland (Rockall/Hebrides),OBIS,TRUE
57.5081,-8.5936,126.31153363734484,Scotland (Rockall/Hebrides),OBIS,TRUE
57.8571,-9.2796,100.88238012045622,Scotland (Rockall/Hebrides),OBIS,TRUE
58.0792,-8.5527,80.53003228269517,Scotland (Rockall/Hebrides),OBIS,TRUE
57.3992,-8.9096,143.72288980521262,Scotland (Rockall/Hebrides),OBIS,TRUE
57.261,-9.2504,68.01400621421635,Scotland (Rockall/Hebrides),OBIS,TRUE
57.4009,-8.4676,31.621335307136178,Scotland (Rockall/Hebrides),OBIS,TRUE
57.8097,-8.6979,140.54807687178254,Scotland (Rockall/Hebrides),OBIS,TRUE
21.9526,58.5038,58.798096848186105,Arabian Sea (Oman shelf),OBIS,TRUE
21.833,59.3367,71.22344916686416,Arabian Sea (Oman shelf),OBIS,TRUE
21.979,59.5348,42.090092978905886,Arabian Sea (Oman shelf),OBIS,TRUE
8.5416,81.4149,36.97205375181511,Sri Lanka / Bay of Bengal,OBIS,TRUE
7.6317,81.2634,44.73271687282249,Sri Lanka / Bay of Bengal,OBIS,TRUE
7.8757,81.8196,31.703180072363466,Sri Lanka / Bay of Bengal,OBIS,TRUE
7.5777,82.1196,39.5039172610268,Sri Lanka / Bay of Bengal,OBIS,TRUE
9.3955,98.32,53.705431604757905,Andaman Sea / Thailand,OBIS,TRUE
8.3108,98.6748,34.14007485844195,Andaman Sea / Thailand,OBIS,TRUE
8.8624,99.2238,69.67253386974335,Andaman Sea / Thailand,OBIS,TRUE
8.5152,98.4029,38.0917059071362,Andaman Sea / Thailand,OBIS,TRUE
8.4299,98.3553,42.46416035108268,Andaman Sea / Thailand,OBIS,TRUE
52.8554,-168.269,125.20205152221024,Alaska / Aleutians,OBIS,TRUE
52.6786,-168.4331,38.307776087895036,Alaska / Aleutians,OBIS,TRUE
53.5366,-168.5425,42.08301291335374,Alaska / Aleutians,OBIS,TRUE
53.2504,-167.7627,44.15440645068884,Alaska / Aleutians,OBIS,TRUE
53.0125,-168.1168,62.62598505243659,Alaska / Aleutians,OBIS,TRUE
52.562,-168.5656,39.23546620178968,Alaska / Aleutians,OBIS,TRUE
52.8054,-167.7949,37.576713571324944,Alaska / Aleutians,OBIS,TRUE
53.3812,-168.2418,66.44640520215034,Alaska / Aleutians,OBIS,TRUE
52.6022,-168.6854,114.26263865549117,Alaska / Aleutians,OBIS,TRUE
49.8135,2.7966,NA,"LBBG_ZEEBRUGGE - Lesser black-backed gulls (Larus fuscus, Laridae) breeding at the southern North Sea coast (Belgium and the Netherlands)",OBIS-keyword,NA
-17.4962,42.2173,5,NA,OBIS-keyword,NA
-38.4151,145.0846,NA,NA,OBIS-keyword,NA
49.2798,-126.9514,NA,NA,OBIS-keyword,NA
-18.6,146.49,NA,NA,OBIS-keyword,NA
33.9898,-120.3224,NA,"MMS Ship survey, SCB 1975-1978",OBIS-keyword,NA
58.2212,-0.536,109,NA,OBIS-keyword,NA
-32.0012,-169.9937,3.8,NA,OBIS-keyword,NA
43.7685,-59.1633,NA,MARITIMES SUMMER RESEARCH VESSEL SURVEY,OBIS-keyword,NA
-32,115.4167,20,NA,OBIS-keyword,NA
53.9202,6.7003,12,ICES EggsAndLarvae,OBIS-keyword,NA
54.0067,14.2333,NA,DOME: Zooplankton community data,OBIS-keyword,NA
-50.007,-169.9925,36,NA,OBIS-keyword,NA
48.2093,-123.9882,NA,Happywhale - Humpback whale in North Pacific Ocean,OBIS-keyword,NA
56.5,-1.6367,NA,European Seabirds At Sea (ESAS),OBIS-keyword,NA
36.7446,-122.2779,996,NA,OBIS-keyword,NA
-32.2987,154.3886,55,NA,OBIS-keyword,NA
55.8828,15.5672,25,"DATRAS: ICES Database of trawl surveys, survey: BITS",OBIS-keyword,NA
-33.4256,18.0886,NA,NA,OBIS-keyword,NA
33.006100000000004,-76.1211,2004,NA,OBIS-keyword,NA
35.67,139.97,NA,Fixed Point Survey for Shorebirds of the family Scolopacidae and Charadriidae,OBIS-keyword,NA
63.4513,10.9018,NA,OTN Loan - Salmonids in Trondheimsfjorden,OBIS-keyword,NA
-38.275,144.625,NA,NA,OBIS-keyword,NA
48.7083,-68.6272,167.765,NA,OBIS-keyword,NA
18.2821,-63.2359,NA,University of Liverpool seabird tracking in Anguilla 2012-2015,OBIS-keyword,NA
-9.4012,46.2058,NA,NA,OBIS-keyword,NA
60.2667,-146.7917,7.5,NA,OBIS-keyword,NA
56.062,10.2747,NA,NA,OBIS-keyword,NA
33.3883,-79.0351,NA,Ecological Baseline Studies of the U.S. Outer Continental Shelf Option Year 1,OBIS-keyword,NA
46.4333,-59.4333,NA,DFO Maritimes - Groundfish and Small Pelagic Tagging database. 1953-1999,OBIS-keyword,NA
-64.9945,120.625,0,NA,OBIS-keyword,NA
-8.3603,-34.9617,NA,NA,OBIS-keyword,NA
-5.4027,-173.9597,517,NA,OBIS-keyword,NA
19.7667,69.6667,78.5,NA,OBIS-keyword,NA
-9.401,46.2057,NA,NA,OBIS-keyword,NA
49.5763,-124.647,NA,NA,OBIS-keyword,NA
33.8951,-120.1043,16.35,PISCO swath transects,OBIS-keyword,NA
59.0666,-19,240,NA,OBIS-keyword,NA
-32.472,154.1027,250,NA,OBIS-keyword,NA
51.4491,3.6898,NA,"LBBG_ZEEBRUGGE - Lesser black-backed gulls (Larus fuscus, Laridae) breeding at the southern North Sea coast (Belgium and the Netherlands)",OBIS-keyword,NA
54.2188,13.6303,NA,European Seabirds At Sea (ESAS),OBIS-keyword,NA
50.5474,-4.9989,9.5,Marine Recorder Snapshot extract of surveys entered by SeaSearch,OBIS-keyword,NA
59.8215,-1.2769,0,Sea Watch Foundation Marine Megafauna Sightings: 1971 to present,OBIS-keyword,NA
53.887,2.723,7.5,NA,OBIS-keyword,NA
51.9337,3.9655,11.3999996185303,NA,OBIS-keyword,NA
13.6326,144.8928,0,NA,OBIS-keyword,NA
-28.7236,15.9001,145,NA,OBIS-keyword,NA
57.6167,11.2833,NA,European Seabirds At Sea (ESAS),OBIS-keyword,NA
54.85,-5.72,0,Sea Watch Foundation Marine Megafauna Sightings: 1971 to present,OBIS-keyword,NA
47.4168,-122.8873,NA,WADFW PSAMP W2003,OBIS-keyword,NA
51.426,-12.8812,7.5,NA,OBIS-keyword,NA
-19.3085,147.6184,20,NA,OBIS-keyword,NA
27.1738,-82.4993,NA,Sarasota Dolphin Research Program Bottlenose Sightings 1971-2009,OBIS-keyword,NA
-49.4988,70.16,NA,NA,OBIS-keyword,NA
45.6486,13.78,NA,Historical landings from the Trieste (Italy) fish market between 1902 and 1968,OBIS-keyword,NA
-74.781,169.535,0,NA,OBIS-keyword,NA
-50.9667,-62.4333,180,Three Decades (1988-2023) of Marine Biodiversity in Falkland Islands Waters: Fisheries‑Linked Species Records from the Southwest Atlantic,OBIS-keyword,NA
-49.8833,-59,234,Three Decades (1988-2023) of Marine Biodiversity in Falkland Islands Waters: Fisheries‑Linked Species Records from the Southwest Atlantic,OBIS-keyword,NA
51.5133,-128.3188,NA,NA,OBIS-keyword,NA
61.03,-17.1967,7.5,NA,OBIS-keyword,NA
51.58,2.9955,NA,2015_PHD_VERHELST_COD - Acoustic telemetry data for Atlantic cod (Gadus morhua) in the Scheldt estuary and southern North Sea (Belgium),OBIS-keyword,NA
-14.5515,-168.1398,18,"NOAA Pacific Islands Fisheries Science Center, Ecosystem Science Division Coral Reef Ecosystem Program, Rapid Ecological Assessments of Fish Belt Transect Surveys (BLT) at Coral Reef Sites across the Pacific Ocean from 2000 to 2009",OBIS-keyword,NA
44.25,-79.5167,NA,NA,OBIS-keyword,NA
51.6217,3.6816,NA,"DELTATRACK - Herring gulls (Larus argentatus, Laridae) and lesser black-backed gulls (Larus fuscus, Laridae) breeding at Neeltje Jans (Netherlands)",OBIS-keyword,NA
-47.2189,37.3369,NA,NA,OBIS-keyword,NA
-16.3902,145.5735,5,NA,OBIS-keyword,NA
42.6785,-67.4935,NA,MARITIMES SPRING RESEARCH VESSEL SURVEY,OBIS-keyword,NA
-34.0523,24.9257,NA,NA,OBIS-keyword,NA
30.643,-87.951,NA,SEFSC CAGES Alabama Fish length Data with CPUE,OBIS-keyword,NA
62.4667,-9.7567,7.5,CPR,OBIS-keyword,NA
24.9553,-80.4578,6.9,Florida Keys Reef Visual Census 2011,OBIS-keyword,NA
-32.7224,153.2213,79,NA,OBIS-keyword,NA
40.667,-70.75,66,NA,OBIS-keyword,NA
-23.45,151.9167,NA,NA,OBIS-keyword,NA
29.0775,-91.7142,1,NA,OBIS-keyword,NA
53.697,7.165,0.25,DOME: Phytoplankton community data,OBIS-keyword,NA
-42.5967,148.2333,85,NA,OBIS-keyword,NA
36.5222,-121.9435,17.4,PISCO swath transects,OBIS-keyword,NA
-57.756,-25.336,0,NA,OBIS-keyword,NA
14.5797,-61.0412,NA,"QUADRIGE - Coastal monitoring database and products, 1974 onwards. (6064)",OBIS-keyword,NA
-53.591,-37.46,NA,NA,OBIS-keyword,NA
-66.3211,143.9765,513,NA,OBIS-keyword,NA
-52.8667,-60.25,222,Three Decades (1988-2023) of Marine Biodiversity in Falkland Islands Waters: Fisheries‑Linked Species Records from the Southwest Atlantic,OBIS-keyword,NA
60.032,-4.708,77,"DATRAS: ICES Database of trawl surveys, survey: SCOWCGFS",OBIS-keyword,NA
-31.5398,159.066,NA,NA,OBIS-keyword,NA
33.945,130.767,NA,NA,OBIS-keyword,NA
49.1316,-9.1012,144,Marine Recorder Snapshot extract of surveys entered by JNCC,OBIS-keyword,NA
51.617,-8.033,NA,JNCC seabird distribution and abundance data (all trips) from ESAS database,OBIS-keyword,NA
44.937,-66.9827,NA,Quoddy Region Pelagics Telemetry,OBIS-keyword,NA
-22.066,114.1753,NA,NA,OBIS-keyword,NA
22.5283,-159.8962,NA,Fin whales localized acoustic detections in Hawaiian waters 2017-2023,OBIS-keyword,NA
46.0551,-1.1306,NA,"QUADRIGE - Coastal monitoring database and products, 1974 onwards. (6064)",OBIS-keyword,NA
-19.3085,147.6184,26,NA,OBIS-keyword,NA
18.0967,145.7649,14,"NOAA Pacific Islands Fisheries Science Center, Ecosystem Science Division Coral Reef Ecosystem Program, Rapid Ecological Assessments of Fish Belt Transect Surveys (BLT) at Coral Reef Sites across the Pacific Ocean from 2000 to 2009",OBIS-keyword,NA
54.3304,10.1486,NA,NA,OBIS-keyword,NA
58.6315,-0.0393,0,RSMP Baseline Dataset,OBIS-keyword,NA
44.5552,-60.1283,NA,MARITIMES SUMMER RESEARCH VESSEL SURVEY,OBIS-keyword,NA
48.2431,-53.3706,NA,DFO NE Newfoundland Acoustic Array and Atlantic Cod Tagging,OBIS-keyword,NA
-34.1192,151.2267,75,NA,OBIS-keyword,NA
29.4333,-88.9,18.29,NA,OBIS-keyword,NA
49.4297,0.1341,NA,"HG_OOSTENDE - Herring gulls (Larus argentatus, Laridae) breeding at the southern North Sea coast (Belgium)",OBIS-keyword,NA
-34.1192,151.2267,0,NA,OBIS-keyword,NA
51.46,-3.08,0,RSMP Baseline Dataset,OBIS-keyword,NA
-52.86,-60.175,194,Three Decades (1988-2023) of Marine Biodiversity in Falkland Islands Waters: Fisheries‑Linked Species Records from the Southwest Atlantic,OBIS-keyword,NA
-13.5665,94.9999,NA,NA,OBIS-keyword,NA
54.6683,-5.8067,0.01,DOME: Zoobenthos community data,OBIS-keyword,NA
54.415,-3.8657,37,NA,OBIS-keyword,NA
44.3437,-66.3302,NA,NA,OBIS-keyword,NA
44.51,29.9016,15,Zooplankton data collected in the Romanian Black Sea waters between 1973 and 1980,OBIS-keyword,NA
51.4563,2.7794,NA,European Seabirds At Sea (ESAS),OBIS-keyword,NA
43.617,-66.8,128,NA,OBIS-keyword,NA
50.543,1.585,NA,"HG_OOSTENDE - Herring gulls (Larus argentatus, Laridae) breeding at the southern North Sea coast (Belgium)",OBIS-keyword,NA
33.9635,-119.4893,100,NA,OBIS-keyword,NA
51.3466,3.1873,NA,"LBBG_ZEEBRUGGE - Lesser black-backed gulls (Larus fuscus, Laridae) breeding at the southern North Sea coast (Belgium and the Netherlands)",OBIS-keyword,NA
-18.53,120.3,80,NA,OBIS-keyword,NA
33.9638,-121.1368,1936,NA,OBIS-keyword,NA
60.645,-30.7367,7.5,CPR,OBIS-keyword,NA
53.873,7.001,NA,DOME: Zoobenthos community data,OBIS-keyword,NA
-52.9495,-59.8317,244,Three Decades (1988-2023) of Marine Biodiversity in Falkland Islands Waters: Fisheries‑Linked Species Records from the Southwest Atlantic,OBIS-keyword,NA
48.1798,-53.8452,NA,DFO NE Newfoundland Acoustic Array and Atlantic Cod Tagging,OBIS-keyword,NA
46.5214,-60.2281,NA,OTN VR2W Loan - Emera Snow Crab and American Lobster,OBIS-keyword,NA
1.1847,9.2847,NA,NA,OBIS-keyword,NA
80.7589,15.5312,1152.8600139999999,imr_fish,OBIS-keyword,NA
55.6686,-1.806,NA,Marine Recorder Snapshot extract of surveys entered by JNCC,OBIS-keyword,NA
46.5658,-60.2004,NA,OTN VR2W Loan - Emera Snow Crab and American Lobster,OBIS-keyword,NA
16.5,91.4,38,NA,OBIS-keyword,NA
51.284,3.7441,NA,"DELTATRACK - Herring gulls (Larus argentatus, Laridae) and lesser black-backed gulls (Larus fuscus, Laridae) breeding at Neeltje Jans (Netherlands)",OBIS-keyword,NA
-11.9947,-170.0024,90,NA,OBIS-keyword,NA
-31.0388,30.2323,NA,NA,OBIS-keyword,NA
49.0667,-10.9,NA,JNCC seabird distribution and abundance data (all trips) from ESAS database,OBIS-keyword,NA
-42,175,0,NA,OBIS-keyword,NA
57.3333,1.7167,88,NA,OBIS-keyword,NA
-31.9746,153.2998,500,NA,OBIS-keyword,NA
44.6893,-60.1033,45.5,"DATRAS: ICES Database of trawl surveys, survey: Can-Mar",OBIS-keyword,NA
28.2167,-177.3096,25.1,"NOAA Pacific Islands Fisheries Science Center, Ecosystem Sciences Division, National Coral Reef Monitoring Program: Stratified random surveys (StRS) of reef fish in the U.S. Pacific Islands",OBIS-keyword,NA
51.2209,2.9436,NA,"HG_OOSTENDE - Herring gulls (Larus argentatus, Laridae) breeding at the southern North Sea coast (Belgium)",OBIS-keyword,NA
32.25,-79.03,100,NA,OBIS-keyword,NA
47.181,-51.779,7.5,CPR,OBIS-keyword,NA
1.9916,51.2989,NA,Observatoire Pelagis aerial surveys 2002-2021,OBIS-keyword,NA
-38.66,145.688,NA,NA,OBIS-keyword,NA
40.2531,-73.4513,NA,"Empire Wind Digital Aerial Wildlife Surveys for BOEM Lease Area OCS-A 0512, Empire Offshore Wind LLC, July 2024 to May 2025",OBIS-keyword,NA
50.5238,0.5836,47.7,RSMP Baseline Dataset,OBIS-keyword,NA
40.0384,23.9958,15.5,NA,OBIS-keyword,NA
-37.8275,149.0742,39.5,NA,OBIS-keyword,NA
36.5597,-121.944,15,PISCO swath transects,OBIS-keyword,NA
65.3301,24.7851,NA,SHARK - National marine environmental monitoring of Ringed seal in Sweden since 1995,OBIS-keyword,NA
51.2449,3.7482,NA,2012_LEOPOLDKANAAL - Acoustic telemetry data for European eel (Anguilla anguilla) in a polder area in Flanders (Belgium),OBIS-keyword,NA
49.0318,-125.325,NA,NA,OBIS-keyword,NA
27,-80.07,NA,FSUGG Tags- Spawning migration patterns of the Atlantic Goliath Grouper,OBIS-keyword,NA
50.75,4.5,NA,NA,OBIS-keyword,NA
46.5869,-60.1891,NA,Scotian Shelf Snow Crab Tagging,OBIS-keyword,NA
-32.1667,57.7333,13,NA,OBIS-keyword,NA
55.926,8.362,0.4,Danish marine benthos monitoring data,OBIS-keyword,NA
56.042,10.4722,NA,DOME: Zoobenthos community data,OBIS-keyword,NA
58.4132,-6.0163,98,NA,OBIS-keyword,NA
29.5834,-87.3339,98,NA,OBIS-keyword,NA
-52.7667,-58.75,157,Three Decades (1988-2023) of Marine Biodiversity in Falkland Islands Waters: Fisheries‑Linked Species Records from the Southwest Atlantic,OBIS-keyword,NA
78.831,-2.7938,NA,NA,OBIS-keyword,NA
53.9214,5.1331,NA,European Seabirds At Sea (ESAS),OBIS-keyword,NA
48.4902,-64.1477,NA,NA,OBIS-keyword,NA
-1.5006,-168.7497,2061.1,NA,OBIS-keyword,NA
56.6333,1.5167,92,NA,OBIS-keyword,NA
-29.1626,154.4766,250,NA,OBIS-keyword,NA
-32.96,152.94,50,NA,OBIS-keyword,NA
-57.7886,-41.3475,NA,NA,OBIS-keyword,NA
66.33,33.52,45,NA,OBIS-keyword,NA
-42.5967,148.2333,0,NA,OBIS-keyword,NA
54.0901,-4.5572,NA,NA,OBIS-keyword,NA
-8.657,-80.827,0,NA,OBIS-keyword,NA
34.6931,-121.1855,434,NA,OBIS-keyword,NA
55.387,-0.4191,33.5,DATRAS: ICES Database of trawl surveys,OBIS-keyword,NA
10.7802,-74.602,NA,NA,OBIS-keyword,NA
-31.9991,115.543,0,NA,OBIS-keyword,NA
-20.3422,117.2287,31.5,NA,OBIS-keyword,NA
14.55,72.6833,12.5,NA,OBIS-keyword,NA
51.5903,-4.5332,16.5,DATRAS: ICES Database of trawl surveys,OBIS-keyword,NA
30.505,-88.02,NA,SEFSC CAGES Alabama Fish length Data with CPUE,OBIS-keyword,NA
51.2319,2.9288,NA,"HG_JUVENILE - Juvenile herring gulls (Larus argentatus, Laridae) hatched at the southern North Sea coast (Belgium)",OBIS-keyword,NA
63.0547,7.7222,NA,NA,OBIS-keyword,NA
52.6594,-128.819,NA,Herring Biosample Database,OBIS-keyword,NA
42.1763,-67.1308,NA,MARITIMES SUMMER RESEARCH VESSEL SURVEY,OBIS-keyword,NA
-18.61,146.49,1,NA,OBIS-keyword,NA
48.0314,-53.7332,NA,DFO NE Newfoundland Acoustic Array and Atlantic Cod Tagging,OBIS-keyword,NA
-52.45,-62.55,328,Three Decades (1988-2023) of Marine Biodiversity in Falkland Islands Waters: Fisheries‑Linked Species Records from the Southwest Atlantic,OBIS-keyword,NA
-52.97,-59.4483,179,Three Decades (1988-2023) of Marine Biodiversity in Falkland Islands Waters: Fisheries‑Linked Species Records from the Southwest Atlantic,OBIS-keyword,NA
35.1642,-123.0156,NA,NA,OBIS-keyword,NA
52.6234,-56.0968,NA,Gilbert Bay Telemetry,OBIS-keyword,NA
41.6667,2.8,NA,NA,OBIS-keyword,NA
34.105,130.727,NA,NA,OBIS-keyword,NA
60.1137,19.0857,10,Finnish Baltic Sea zooplankton monitoring,OBIS-keyword,NA
59.597,-60.925,215,DFO Central and Arctic Multi-species Stock Assessment Surveys,OBIS-keyword,NA
-61.8754,73.3489,NA,NA,OBIS-keyword,NA
-34.1192,151.2267,100,NA,OBIS-keyword,NA
-34.1423,24.8431,NA,NA,OBIS-keyword,NA
-42.5967,148.2333,50,NA,OBIS-keyword,NA
37.495,-122.499,0.25,NA,OBIS-keyword,NA
-28.096,163.1007,NA,AM,OBIS-keyword,NA
50,-156.95,NA,NA,OBIS-keyword,NA
27.8746,-93.8184,23.012399265,"NOAA National Coral Reef Monitoring Program, Benthic Cover Data",OBIS-keyword,NA
23.6824,-15.9529,NA,"DELTATRACK - Herring gulls (Larus argentatus, Laridae) and lesser black-backed gulls (Larus fuscus, Laridae) breeding at Neeltje Jans (Netherlands)",OBIS-keyword,NA
53.3,-5.09,0,RSMP Baseline Dataset,OBIS-keyword,NA
57.3757,2.7263,NA,English Herring Fishery 1520-1790,OBIS-keyword,NA
-9.1543,133.4848,NA,NA,OBIS-keyword,NA
59.5236,26.7485,2.5,DOME: Phytobenthos community (macrophytes) data,OBIS-keyword,NA
-51.955,-57.5833,NA,Three Decades (1988-2023) of Marine Biodiversity in Falkland Islands Waters: Fisheries‑Linked Species Records from the Southwest Atlantic,OBIS-keyword,NA
39.3508,-123.8294,NA,PISCO size-frequency,OBIS-keyword,NA
28.1083,-96.9583,2.1,NA,OBIS-keyword,NA
32.4879,34.8799,NA,"Sdot Yam, Haifa District:  The Spatial Ecology of an Invasive Herbivorous Fish (Siganus rivulatus) in its Native and Invaded Range",OBIS-keyword,NA
17.9394,-67.0507,4,Puerto Rico Coral Reef Monitoring Program Database Compilation,OBIS-keyword,NA
20.45,120.83,75,NA,OBIS-keyword,NA
-19.1667,146.85,NA,NA,OBIS-keyword,NA
33.1371,-78.5373,NA,Ecological Baseline Studies of the U.S. Outer Continental Shelf Option Year 1,OBIS-keyword,NA
41.3852,-66.3018,NA,MARITIMES SPRING RESEARCH VESSEL SURVEY,OBIS-keyword,NA
54.28,11.14,NA,NA,OBIS-keyword,NA
-34.51,138.06,NA,NA,OBIS-keyword,NA
56.5151,2.0927,80,Marine Recorder JNCC Public Offshore Snapshot 2020_1 – habitat data trial,OBIS-keyword,NA
50.25,-4.217,10,NA,OBIS-keyword,NA
-38.9998,-173.7615,58,NA,OBIS-keyword,NA
60.5817,3.02,141,imr_fish,OBIS-keyword,NA
35.86,140.63,NA,Fixed Point Survey for Shorebirds of the family Scolopacidae and Charadriidae,OBIS-keyword,NA
53.5092,-10.0714,NA,National Monitoring Programme for Phytoplankton Species occurrence in Aquaculture Production Areas,OBIS-keyword,NA
-27.345,153.562,0,NA,OBIS-keyword,NA
11.3189,-60.5517,8.5,NA,OBIS-keyword,NA
7.1611,134.377,NA,NA,OBIS-keyword,NA
-12.4,130.768,0,NA,OBIS-keyword,NA
43.756100000000004,-64.6411,0,Atlantic Reference Centre,OBIS-keyword,NA
-44.5223,-173.5023,73,NA,OBIS-keyword,NA
42.25,-70.54,NA,NA,OBIS-keyword,NA
58.7822,23.4486,NA,"Breeding avifauna of small Estonian islands and islets, national monitoring 1957-2016",OBIS-keyword,NA
43.83,-62.86,45,BioChem: Sameoto zooplankton collection,OBIS-keyword,NA
-41.23,148.76,NA,NA,OBIS-keyword,NA
46.3435,-60.3247,NA,OTN VR2W Loan - Emera Snow Crab and American Lobster,OBIS-keyword,NA
50.7092,2.3566,NA,"HG_OOSTENDE - Herring gulls (Larus argentatus, Laridae) breeding at the southern North Sea coast (Belgium)",OBIS-keyword,NA
-18,178.5,NA,NA,OBIS-keyword,NA
39.0574,-72.8356,NA,Digital Aerial Baseline Survey of Marine Wildlife in Support of Offshore Wind Energy - OPA 2018,OBIS-keyword,NA
49.4377,1.0515,NA,"DELTATRACK - Herring gulls (Larus argentatus, Laridae) and lesser black-backed gulls (Larus fuscus, Laridae) breeding at Neeltje Jans (Netherlands)",OBIS-keyword,NA
-52.8167,-59.3,117,Three Decades (1988-2023) of Marine Biodiversity in Falkland Islands Waters: Fisheries‑Linked Species Records from the Southwest Atlantic,OBIS-keyword,NA
52.59,-131.535,NA,NA,OBIS-keyword,NA
51.1968,2.8464,NA,"LBBG_JUVENILE - Juvenile lesser black-backed gulls (Larus fuscus, Laridae) and herring gulls (Larus argentatus, Laridae) hatched in Zeebrugge (Belgium)",OBIS-keyword,NA
55.4877,4.6055,33,NA,OBIS-keyword,NA
57.7833,8.7833,214,NA,OBIS-keyword,NA
-37.4065,150.1558,104,NA,OBIS-keyword,NA
37.371,8.867,206,NA,OBIS-keyword,NA
50.2158,1.5905,NA,"QUADRIGE - Coastal monitoring database and products, 1974 onwards. (6064)",OBIS-keyword,NA
-41.245,174.24,NA,NA,OBIS-keyword,NA
-34.1192,151.2267,50,NA,OBIS-keyword,NA
43.3892,3.7007,NA,"QUADRIGE - Coastal monitoring database and products, 1974 onwards. (6064)",OBIS-keyword,NA
48.6543,-126.205,227.55,West Coast Vancouver Island Synoptic Bottom Trawl Survey,OBIS-keyword,NA
49.278,-23.802,7.5,CPR,OBIS-keyword,NA
37.4517,130.875,NA,NA,OBIS-keyword,NA
44.9348,-66.9818,NA,Quoddy Region Pelagics Telemetry,OBIS-keyword,NA
52.5943,-56.0133,NA,Gilbert Bay Telemetry,OBIS-keyword,NA
53.6698,-13.538,127.5,"DATRAS: ICES Database of trawl surveys, survey: SP-PORC",OBIS-keyword,NA
67.0453,14.5968,NA,OTN Loan - Salmonids in Trondheimsfjorden,OBIS-keyword,NA
36.6184,-121.8976,8.5,NA,OBIS-keyword,NA
7.4333,75.7167,76.5,NA,OBIS-keyword,NA
57.0333,17.95,34,"DATRAS: ICES Database of trawl surveys, survey: BITS",OBIS-keyword,NA
-49.6667,-59.8833,176,Three Decades (1988-2023) of Marine Biodiversity in Falkland Islands Waters: Fisheries‑Linked Species Records from the Southwest Atlantic,OBIS-keyword,NA
-42.5967,148.2333,10,NA,OBIS-keyword,NA
-16.9166,145.774,0,NA,OBIS-keyword,NA
51.2349,5.2548,NA,"DELTATRACK - Herring gulls (Larus argentatus, Laridae) and lesser black-backed gulls (Larus fuscus, Laridae) breeding at Neeltje Jans (Netherlands)",OBIS-keyword,NA
58.8425,-2.918,NA,2012-2014 Orkney Islands Council Harbour Authority (OICHA) Marine Non-Native Species Monitoring Programme,OBIS-keyword,NA
56.6667,12.1167,12.5,SHARK - National marine environmental monitoring of zooplankton in Sweden since 1979,OBIS-keyword,NA
-34.3569,18.4972,NA,NA,OBIS-keyword,NA
10.9769,-74.3348,NA,NA,OBIS-keyword,NA
57.5167,8.65,64,NA,OBIS-keyword,NA
-51.223,-57.0382,149,Three Decades (1988-2023) of Marine Biodiversity in Falkland Islands Waters: Fisheries‑Linked Species Records from the Southwest Atlantic,OBIS-keyword,NA
43.3333,-1.925,0,NA,OBIS-keyword,NA
7.6563,-81.6528,NA,NA,OBIS-keyword,NA
20.45,88.85,79,NA,OBIS-keyword,NA
24.7806,-82.3407,13.5,NA,OBIS-keyword,NA
50.8998,-127.019,NA,NA,OBIS-keyword,NA
27.8381,-80.4376,NA,Multi-decadal shifts in fish community diversity across a dynamic biogeographic transition zone,OBIS-keyword,NA
35.3432,25.1366,4,data_release_001,OBIS-keyword,NA
24.5449,-81.4071,NA,NA,OBIS-keyword,NA
21.8536,-81.2844,13.1,NA,OBIS-keyword,NA
35.33,139.65,10,Marine benthic animal data along Yokohama City Coast,OBIS-keyword,NA
35.7728,-121.447,91,NA,OBIS-keyword,NA
-12.4,130.768,15,NA,OBIS-keyword,NA
44.9799,-65.806,NA,Bay of Fundy Species List,OBIS-keyword,NA
-52.3672,-63.1401,257,Three Decades (1988-2023) of Marine Biodiversity in Falkland Islands Waters: Fisheries‑Linked Species Records from the Southwest Atlantic,OBIS-keyword,NA
-29.161,154.4769,750,NA,OBIS-keyword,NA
47.1283,-70.5135,NA,Large Scale Movements of Sturgeon in the St. Lawrence River System,OBIS-keyword,NA
-33.5244,27.1124,NA,NA,OBIS-keyword,NA
-40.8733,174.9767,27,MBIS research trawl surveys,OBIS-keyword,NA
34.4684,-120.1252,8.2,PISCO swath transects,OBIS-keyword,NA
25.0081,-80.3773,7.6,Florida Keys Reef Visual Census 2002,OBIS-keyword,NA
67.0965,15.4804,NA,Consequences of land-use change and human activity on anadromous salmonids and the ecosystem services that they provide,OBIS-keyword,NA
-34.87,150.56,NA,NA,OBIS-keyword,NA
34.0426,-119.604,16.8,PISCO fish transects,OBIS-keyword,NA
48.1801,-53.7908,NA,DFO NE Newfoundland Acoustic Array and Atlantic Cod Tagging,OBIS-keyword,NA
59.7737,23.2616,5,"Finnish Baltic Sea phytoplankton monitoring, KPLANK database",OBIS-keyword,NA
32.867,-117.257,NA,NA,OBIS-keyword,NA
-68.6742,-69.8903,NA,NA,OBIS-keyword,NA
-34.0832,23.0608,NA,NA,OBIS-keyword,NA
54.703,-48.222,7.5,NA,OBIS-keyword,NA
-29.499,-169.9957,115,NA,OBIS-keyword,NA
48.1,-66.1311,0,Atlantic Zone Monitoring Program (AZMP) DFO Quebec region phytoplankton,OBIS-keyword,NA
25.012,-80.3767,7.5,Florida Keys Reef Visual Census 1995,OBIS-keyword,NA
24.6705,-82.8761,10.8,Dry Tortugas Reef Visual Census 2008,OBIS-keyword,NA
63.4456,10.8778,NA,OTN Loan - Salmonids in Trondheimsfjorden,OBIS-keyword,NA
18.3229,-63.2762,NA,University of Liverpool seabird tracking in Anguilla 2012-2015,OBIS-keyword,NA
-50.6083,-62.635,155,Three Decades (1988-2023) of Marine Biodiversity in Falkland Islands Waters: Fisheries‑Linked Species Records from the Southwest Atlantic,OBIS-keyword,NA
-31.8611,115.7542,1,NA,OBIS-keyword,NA
-32.69,152.23,10,NA,OBIS-keyword,NA
42.0535,-67.21,49,NA,OBIS-keyword,NA
-49.5162,168.5787,704,MBIS research trawl surveys,OBIS-keyword,NA
-23.055,166.9382,607,NA,OBIS-keyword,NA
-14.1044,123.5469,0,NA,OBIS-keyword,NA
37.1551,-6.1163,NA,"LBBG_ZEEBRUGGE - Lesser black-backed gulls (Larus fuscus, Laridae) breeding at the southern North Sea coast (Belgium and the Netherlands)",OBIS-keyword,NA
54.3432,-131.261,102,Hecate Strait Synoptic Bottom Trawl Survey,OBIS-keyword,NA
34.0139,-119.359,8.4,PISCO swath transects,OBIS-keyword,NA
48.643,-2.2072,NA,"QUADRIGE - Coastal monitoring database and products, 1974 onwards. (6064)",OBIS-keyword,NA
56.0785,8.2525,1,Danish marine benthos monitoring data,OBIS-keyword,NA
42.33,1.16,NA,NA,OBIS-keyword,NA
34.0525,-119.5552,8.5,PISCO swath transects,OBIS-keyword,NA
64.2083,-22.015,20,NA,OBIS-keyword,NA
26.4094,-83.8256,NA,NA,OBIS-keyword,NA
-47.017,-75.733,1146,NA,OBIS-keyword,NA
45.0075,-66.9248,NA,Quoddy Region Pelagics Telemetry,OBIS-keyword,NA
-45.5303,-59.4645,NA,NA,OBIS-keyword,NA
42.5477,-63.8792,NA,MARITIMES SUMMER RESEARCH VESSEL SURVEY,OBIS-keyword,NA
-31.5207,159.0451,NA,NA,OBIS-keyword,NA
45.2,-61.11,14.63,Canadian Maritimes Fishermen and Scientists Research Society Lobster Recruitment Index from Standard Traps- 2003+,OBIS-keyword,NA
-20.2195,57.392,NA,NA,OBIS-keyword,NA
42.487,3.17,3,NA,OBIS-keyword,NA
5.6483,0.4933,7.5,NA,OBIS-keyword,NA
9.9613,-76.1325,NA,NA,OBIS-keyword,NA
64.774,-171.916,NA,Satellite telemetry of King Eiders from northern Alaska 2002-2009,OBIS-keyword,NA
45.3283,-57.4,NA,MARITIMES 4VSW RESEARCH VESSEL SURVEY,OBIS-keyword,NA
64.547,-62.894,346,DFO Central and Arctic Multi-species Stock Assessment Surveys,OBIS-keyword,NA
44.8858,-66.96,NA,Quoddy Region Pelagics Telemetry,OBIS-keyword,NA
-34.1595,152.5627,1000,NA,OBIS-keyword,NA
54.545,2.805,7.5,CPR,OBIS-keyword,NA
-14.3429,-170.7888,15,"NOAA Pacific Islands Fisheries Science Center, Ecosystem Science Division Coral Reef Ecosystem Program, Rapid Ecological Assessments of Fish Belt Transect Surveys (BLT) at Coral Reef Sites across the Pacific Ocean from 2000 to 2009",OBIS-keyword,NA
32.8417,-77.6,225,NA,OBIS-keyword,NA
56.3667,4.2833,66,NA,OBIS-keyword,NA
52.175,1.8367,7.5,CPR,OBIS-keyword,NA
-71.1973,170.9648,630,NIWA Invertebrate Collection,OBIS-keyword,NA
10.9701,-74.3862,NA,NA,OBIS-keyword,NA
33.9885,-119.547,NA,PISCO swath transects,OBIS-keyword,NA
52.8973,3.2875,NA,Dutch long term monitoring of macrobenthos in the Dutch Continental Economical Zone of the North Sea,OBIS-keyword,NA
59.5464,26.651,0.5,DOME: Phytobenthos community (macrophytes) data,OBIS-keyword,NA
49.3882,-124.4485,NA,Herring Biosample Database,OBIS-keyword,NA
27.739,-96.716,NA,NA,OBIS-keyword,NA
58.803,17.6253,19,DOME: Zooplankton community data,OBIS-keyword,NA
51.187,2.702,NA,"Macrobenthos monitoring at long-term monitoring locations, period 2001-ongoing",OBIS-keyword,NA
-30.9979,153.3276,2.5,NA,OBIS-keyword,NA
-36.75,175.3717,NA,NA,OBIS-keyword,NA
51.5017,-2.7417,NA,NA,OBIS-keyword,NA
54.1717,-3.3998,10,DATRAS: ICES Database of trawl surveys,OBIS-keyword,NA
60.7616,-45.5822,NA,Greenland Arctic Charr,OBIS-keyword,NA
54.375,8.5117,1,DOME: Phytoplankton community data,OBIS-keyword,NA
58.5833,-5.6167,120,NA,OBIS-keyword,NA
44.75,33.3333,20,NA,OBIS-keyword,NA
-31.4896,-169.9789,26.7,NA,OBIS-keyword,NA
30.5817,-88.06,NA,SEFSC CAGES Alabama Fish length Data with CPUE,OBIS-keyword,NA
-34.0694,151.111,3,NA,OBIS-keyword,NA
32.3304,-16.4675,NA,European Seabirds At Sea (ESAS),OBIS-keyword,NA
-32,115.4167,47,NA,OBIS-keyword,NA
65.2644,6.7236,288,Environmental Monitoring database (MOD) DNV,OBIS-keyword,NA
32.4825,-29.9483,75,NA,OBIS-keyword,NA
22.304,39.103,1,NA,OBIS-keyword,NA
-9.0237,160.0602,NA,NA,OBIS-keyword,NA
54.1099,11.1748,5.5,DOME: Phytoplankton community data,OBIS-keyword,NA
-56.365,-69.543,0,NA,OBIS-keyword,NA
-34.6679,20.2341,NA,NA,OBIS-keyword,NA
-60.361,82.5368,1731,NA,OBIS-keyword,NA
-64.7567,-64.1233,75,NA,OBIS-keyword,NA
28.3831,-178.3003,11,"NOAA Pacific Islands Fisheries Science Center, Ecosystem Sciences Division, National Coral Reef Monitoring Program: Stratified random surveys (StRS) of reef fish in the U.S. Pacific Islands",OBIS-keyword,NA
58.5833,18.2333,10,SHARK - National marine environmental monitoring of Phytoplankton in Sweden since 1983,OBIS-keyword,NA
42.9308,-67.5343,NA,MARITIMES SPRING RESEARCH VESSEL SURVEY,OBIS-keyword,NA
53.8061,8.1359,NA,European Seabirds At Sea (ESAS),OBIS-keyword,NA
-36.25,150.27,59.5,NA,OBIS-keyword,NA
43.22,-51.2,NA,ECNASAP - East Coast North America Strategic Assessment,OBIS-keyword,NA
34.6827,139.4448,20,"Plankton image dataset from a cabled observatory system (JEDI System/OCEANS) deployed at coastal area of Oshima island, Tokyo, Japan",OBIS-keyword,NA
35.8573,-121.4248,11.6,PISCO swath transects,OBIS-keyword,NA
45.42,-123.94,NA,NA,OBIS-keyword,NA
-36.8436,149.312,0,NA,OBIS-keyword,NA
13.96,-116.57,NA,NA,OBIS-keyword,NA
34.0539,-119.9182,5.2,PISCO swath transects,OBIS-keyword,NA
38.51,-28.6,NA,NA,OBIS-keyword,NA
47.8254,-122.3704,NA,WADFW PSAMP W1997,OBIS-keyword,NA
48.7483,-125.545,NA,NA,OBIS-keyword,NA
64.7638,7.6076,248,Environmental Monitoring database (MOD) DNV,OBIS-keyword,NA
-38.6818,146.8346,NA,NA,OBIS-keyword,NA
-52.556,169.1942,0,NA,OBIS-keyword,NA
57.5685,10.4377,4,Danish marine benthos monitoring data,OBIS-keyword,NA
55.5,1,49,RSMP Baseline Dataset,OBIS-keyword,NA
10.8235,-74.4781,NA,NA,OBIS-keyword,NA
62.6035,4.6805,92.5,NA,OBIS-keyword,NA
25.0525,-81.2763,6.2,NOAA National Benthic Inventory,OBIS-keyword,NA
51.635,3.2667,NA,European Seabirds At Sea (ESAS),OBIS-keyword,NA
44.0507,-61.4838,NA,MARITIMES 4VSW RESEARCH VESSEL SURVEY,OBIS-keyword,NA
-32.4746,153.1663,80,NA,OBIS-keyword,NA
-64.4736,115.6258,6.8,NA,OBIS-keyword,NA
-77.6887,166.5472,NA,NA,OBIS-keyword,NA
-27.9228,155.1431,2800,NA,OBIS-keyword,NA
33.747,-118.4178,6.1,PISCO swath transects,OBIS-keyword,NA
45.873,-56.313,7.5,NA,OBIS-keyword,NA
-37.972,145.009,NA,NA,OBIS-keyword,NA
-52.8183,-59.335,110,Three Decades (1988-2023) of Marine Biodiversity in Falkland Islands Waters: Fisheries‑Linked Species Records from the Southwest Atlantic,OBIS-keyword,NA
-50.75,67,363,NA,OBIS-keyword,NA
56.1027,8.1636,0.1,DOME: Zoobenthos community data,OBIS-keyword,NA
67.1053,15.4092,NA,Consequences of land-use change and human activity on anadromous salmonids and the ecosystem services that they provide,OBIS-keyword,NA
42.1167,-86.5167,13,USGS Great Lakes Science Center Research Vessel Catch Information System Trawl,OBIS-keyword,NA
28,-86.62,43,NA,OBIS-keyword,NA
73.29,69.158,10,NA,OBIS-keyword,NA
-31.0006,-169.9958,5,NA,OBIS-keyword,NA
38.52,-28.56,NA,NA,OBIS-keyword,NA
-31.5466,159.066,NA,NA,OBIS-keyword,NA
46.5346,-60.2071,NA,OTN VR2W Loan - Emera Snow Crab and American Lobster,OBIS-keyword,NA
-36.25,21.27,191,NA,OBIS-keyword,NA
4.45,54.95,37.5,NA,OBIS-keyword,NA
-32.7955,153.7986,90,NA,OBIS-keyword,NA
31.675,-116.775,NA,NA,OBIS-keyword,NA
30.11,-88.505,5,NA,OBIS-keyword,NA
61.683,-5.983,NA,JNCC seabird distribution and abundance data (all trips) from ESAS database,OBIS-keyword,NA
11.799,-66.902,7,Poliquetos_cripticos_PNALos_Roques_Venezuela,OBIS-keyword,NA
54.8333,-0.1667,75,NA,OBIS-keyword,NA
-3.8088,-32.3899,NA,NA,OBIS-keyword,NA
-59.348,-169.9933,26.5,NA,OBIS-keyword,NA
-33.8333,26.2833,NA,NA,OBIS-keyword,NA
30.325,-88.15,NA,SEFSC CAGES Alabama Fish length Data with CPUE,OBIS-keyword,NA
38.7422,-72.6092,384,NA,OBIS-keyword,NA
-35.2264,136.895,0,NA,OBIS-keyword,NA
60.2,-57.6833,NA,PIROP Northwest Atlantic 1965-1992,OBIS-keyword,NA
-32,115.4167,46,NA,OBIS-keyword,NA
35.9129,-121.4801,12,PISCO swath transects,OBIS-keyword,NA
43.8785,10.2293,0,Jellyfish sightings along the Italian coastline from 2009 to 2017,OBIS-keyword,NA
-15.2501,43.3501,NA,NA,OBIS-keyword,NA
50.7368,2.439,NA,"HG_JUVENILE - Juvenile herring gulls (Larus argentatus, Laridae) hatched at the southern North Sea coast (Belgium)",OBIS-keyword,NA
69.9873,30.2615,259.52500150000003,imr_fish,OBIS-keyword,NA
18.836,-93.066,4,NA,OBIS-keyword,NA
46.5532,-60.1969,NA,OTN VR2W Loan - Emera Snow Crab and American Lobster,OBIS-keyword,NA
-35.533,150.85,1139,NA,OBIS-keyword,NA
55.7367,-163.7667,0,NA,OBIS-keyword,NA
-38.115,147.076,0,NA,OBIS-keyword,NA
55.6167,2.75,58,NA,OBIS-keyword,NA
22.6811,-160.0604,NA,Minke whale localized acoustic detections off Kauai,OBIS-keyword,NA
22.5454,-160.0224,NA,Fin whales localized acoustic detections in Hawaiian waters 2017-2023,OBIS-keyword,NA
58.8383,17.5458,5.4,SHARK - National marine environmental monitoring of Epibenthos in Sweden since 1992,OBIS-keyword,NA
51.6412,-4.4303,8.5,DATRAS: ICES Database of trawl surveys,OBIS-keyword,NA
59,-0.217,NA,JNCC seabird distribution and abundance data (all trips) from ESAS database,OBIS-keyword,NA
38.8877,0.2031,NA,Satellite-tracking of loggerhead sea turtles tracked from western Mediterranean,OBIS-keyword,NA
55.7014,15.0983,4,SHARK - Phyto- and Microzooplankton Data Collected by Imaging FlowCytobots (IFCB) in Swedish and Adjacent Waters,OBIS-keyword,NA
53.5076,-5.1975,NA,Marine Recorder Snapshot extract of surveys entered by JNCC,OBIS-keyword,NA
-14.2062,46.9927,NA,Observatoire Pelagis aerial surveys 2002-2021,OBIS-keyword,NA
-36.8791,152.5682,4200,NA,OBIS-keyword,NA
50.647,-5.8207,NA,NA,OBIS-keyword,NA
-12.1791,136.729,0,NA,OBIS-keyword,NA
54.9212,7.0145,27,NA,OBIS-keyword,NA
-21.4656,-40.9414,15,NA,OBIS-keyword,NA
-42.5967,148.2333,82,NA,OBIS-keyword,NA
-35.8322,136.4473,20,NA,OBIS-keyword,NA
34.4246,-119.9553,12.8,PISCO swath transects,OBIS-keyword,NA
-33.95,151.266,NA,AM,OBIS-keyword,NA
48.5932,-125.596,118,West Coast Vancouver Island Synoptic Bottom Trawl Survey,OBIS-keyword,NA
52.5908,-56.0485,NA,Gilbert Bay Telemetry,OBIS-keyword,NA
44.3833,-66.2,NA,DFO Maritimes - Groundfish and Small Pelagic Tagging database. 1953-1999,OBIS-keyword,NA
54.2,7.7,NA,European Seabirds At Sea (ESAS),OBIS-keyword,NA
36.8556,-125.6157,2342,NA,OBIS-keyword,NA
49.4642,-1.3991,NA,"DELTATRACK - Herring gulls (Larus argentatus, Laridae) and lesser black-backed gulls (Larus fuscus, Laridae) breeding at Neeltje Jans (Netherlands)",OBIS-keyword,NA
-32,115.4167,0,NA,OBIS-keyword,NA
-0.25,-44.25,NA,Abundance data of planktonic cnidarians collected during the Camadas Finas III survey performed along the North Brazilian continental shelf and open ocean,OBIS-keyword,NA
-13.9433,144.3501,2,NA,OBIS-keyword,NA
64.7495,6.1648,312,Environmental Monitoring database (MOD) DNV,OBIS-keyword,NA
55.6167,15.8333,38,"DATRAS: ICES Database of trawl surveys, survey: BITS",OBIS-keyword,NA
13.6973,120.675,455.5,NA,OBIS-keyword,NA
55,14.0833,37.5,SHARK - National marine environmental monitoring of zooplankton in Sweden since 1979,OBIS-keyword,NA
-34.1192,151.2267,25,NA,OBIS-keyword,NA
57.3019,-155.3686,NA,UWFC,OBIS-keyword,NA
-34.5697,20.3986,NA,NA,OBIS-keyword,NA
-33.8833,26.7333,NA,NA,OBIS-keyword,NA
-28.1767,153.5572,NA,NA,OBIS-keyword,NA
-50.3833,-57.5667,295,Three Decades (1988-2023) of Marine Biodiversity in Falkland Islands Waters: Fisheries‑Linked Species Records from the Southwest Atlantic,OBIS-keyword,NA
36.6242,-121.9091,6.6,PISCO swath transects,OBIS-keyword,NA
42.3717,8.5613,NA,NA,OBIS-keyword,NA
44.6516,-124.7487,141,NA,OBIS-keyword,NA
20.8705,-156.8347,46,NA,OBIS-keyword,NA
-34.0614,-73.1066,5,NA,OBIS-keyword,NA
52.2119,2.3172,NA,NA,OBIS-keyword,NA
-43.09,-179.92,529.5,NZ research trawl surveys since 2008,OBIS-keyword,NA
-51.3083,-55.4083,NA,Three Decades (1988-2023) of Marine Biodiversity in Falkland Islands Waters: Fisheries‑Linked Species Records from the Southwest Atlantic,OBIS-keyword,NA
64.7644,7.6024,248,Environmental Monitoring database (MOD) DNV,OBIS-keyword,NA
46.0059,-1.2779,NA,"QUADRIGE - Coastal monitoring database and products, 1974 onwards. (6064)",OBIS-keyword,NA
57.1704,12.1091,15,SHARK - National marine environmental monitoring of Harbour propoise in Sweden since 2015,OBIS-keyword,NA
45.9569,-60.8026,NA,Apoqnmatulti''k - Bras D''Or Lake,OBIS-keyword,NA
50.5883,-126.3999,NA,NA,OBIS-keyword,NA
26.159,-80.077,NA,NA,OBIS-keyword,NA
77.6467,34.2917,400,NA,OBIS-keyword,NA
63.105,-3.775,7.5,NA,OBIS-keyword,NA
-33.7972,18.3761,NA,NA,OBIS-keyword,NA
-34.8164,19.9428,NA,NA,OBIS-keyword,NA
52.5737,-56.0114,NA,Gilbert Bay Telemetry,OBIS-keyword,NA
33.47,-118.4,NA,NA,OBIS-keyword,NA
37.8668,-122.4849,NA,NA,OBIS-keyword,NA
1.6667,50.1667,75,NA,OBIS-keyword,NA
-33.3857,130.2871,0,NA,OBIS-keyword,NA
-51.3525,-62.7967,180,Three Decades (1988-2023) of Marine Biodiversity in Falkland Islands Waters: Fisheries‑Linked Species Records from the Southwest Atlantic,OBIS-keyword,NA
-34.1192,151.2267,10,NA,OBIS-keyword,NA
-46.7187,-170.9115,64.2,NA,OBIS-keyword,NA
36.7962,-121.847,NA,NA,OBIS-keyword,NA
55.03,8.46,NA,NA,OBIS-keyword,NA
35.7898,-122.6577,1694,NA,OBIS-keyword,NA
-34.1349,24.4393,NA,NA,OBIS-keyword,NA
43.2932,-62.2707,NA,MARITIMES SUMMER RESEARCH VESSEL SURVEY,OBIS-keyword,NA
28.757,-80.704,8,NA,OBIS-keyword,NA
-52.9333,-56.0833,NA,Three Decades (1988-2023) of Marine Biodiversity in Falkland Islands Waters: Fisheries‑Linked Species Records from the Southwest Atlantic,OBIS-keyword,NA
49.239,-123.993,NA,DFO Pacific Shorekeepers Intertidal Survey – a community based project,OBIS-keyword,NA
-37.8795,144.804,0,NA,OBIS-keyword,NA
56.15,10.32,160,NA,OBIS-keyword,NA
64.7936,7.0426,271,Environmental Monitoring database (MOD) DNV,OBIS-keyword,NA
51.6897,1.5904,20.2,RSMP Baseline Dataset,OBIS-keyword,NA
-13.8176,-169.999,1035,NA,OBIS-keyword,NA
51.2296,2.9337,NA,"HG_OOSTENDE - Herring gulls (Larus argentatus, Laridae) breeding at the southern North Sea coast (Belgium)",OBIS-keyword,NA
12.9385,-90.8392,26,NA,OBIS-keyword,NA
-50.2333,-57.5167,321,Three Decades (1988-2023) of Marine Biodiversity in Falkland Islands Waters: Fisheries‑Linked Species Records from the Southwest Atlantic,OBIS-keyword,NA
34.0515,-119.9097,14.850000000000001,PISCO swath transects,OBIS-keyword,NA
57.021,-134.1619,NA,"NMML Harbor Porpoise Vessel Survey, SE Alaska, Summer 1991",OBIS-keyword,NA
56.8567,10.7917,NA,DOME: Phytoplankton community data,OBIS-keyword,NA
-20.1092,116.0875,57,NA,OBIS-keyword,NA
-34.0483,25.5764,NA,NA,OBIS-keyword,NA
51.7414,-5.2769,NA,Marine Recorder Snapshot extract of surveys entered by NRW,OBIS-keyword,NA
-40.3917,173.4658,73,MBIS Soviet Trawl Data data in New Zealand 1964-87,OBIS-keyword,NA
54.0141,-4.2907,NA,NA,OBIS-keyword,NA
51.8114,3.736,0,NA,OBIS-keyword,NA
41.7354,-70.3141,NA,YPM,OBIS-keyword,NA
27.33,-89.28,162,NA,OBIS-keyword,NA
41.95,5.93,0,NA,OBIS-keyword,NA
58.9534,23.5501,1,DOME: Phytoplankton community data,OBIS-keyword,NA
-30.1348,114.9735,6,NA,OBIS-keyword,NA
30.3956,-87.1114,NA,NA,OBIS-keyword,NA
48.3711,-4.8796,NA,Grey seals GPS telemetry in Molene Archipelago,OBIS-keyword,NA
53.4382,5.2908,NA,European Seabirds At Sea (ESAS),OBIS-keyword,NA
36.3607,140.6125,NA,"Ibaraki Nature Museum, Algae collection",OBIS-keyword,NA
2.9585,-78.1781,3,Sistema de Monitoreo de Arrecifes Coralinos - SIMAC 2001,OBIS-keyword,NA
34.1783,137.605,75,JODC Dataset,OBIS-keyword,NA
-2.6337,150.6247,0.5,NA,OBIS-keyword,NA
57.6675,11.6867,5,"SHARK - Regional marine environmental monitoring, recipient control and monitoring projects of Phytoplankton in Sweden since 1985",OBIS-keyword,NA
46.3447,-60.3128,NA,OTN VR2W Loan - Emera Snow Crab and American Lobster,OBIS-keyword,NA
53.2236,4.9312,NA,"O_VLIELAND - Eurasian oystercatchers (Haematopus ostralegus, Haematopodidae) breeding and wintering on Vlieland (the Netherlands)",OBIS-keyword,NA
8.779,119.8164,NA,NA,OBIS-keyword,NA
39.59,0.28,258,MEDITS-Spain: Demersal and mega-benthic species from the MEDITS (Mediterranean International Trawl Survey) project on the Spanish continental shelf between 1994 and 2010,OBIS-keyword,NA
38.6119,-8.9767,NA,"LBBG_ZEEBRUGGE - Lesser black-backed gulls (Larus fuscus, Laridae) breeding at the southern North Sea coast (Belgium and the Netherlands)",OBIS-keyword,NA
58.2858,11.3353,6,SHARK - National marine environmental monitoring of Epibenthos in Sweden since 1992,OBIS-keyword,NA
-54.9975,-169.9966,4917.2,NA,OBIS-keyword,NA
51.4404,3.7074,NA,"LBBG_ZEEBRUGGE - Lesser black-backed gulls (Larus fuscus, Laridae) breeding at the southern North Sea coast (Belgium and the Netherlands)",OBIS-keyword,NA
52.4601,4.8743,NA,"O_VLIELAND - Eurasian oystercatchers (Haematopus ostralegus, Haematopodidae) breeding and wintering on Vlieland (the Netherlands)",OBIS-keyword,NA
57.6302,2.1932,85,NA,OBIS-keyword,NA
-5.8,12.0833,NA,NA,OBIS-keyword,NA
60.2557,21.9533,2,DOME: Phytoplankton community data,OBIS-keyword,NA
56.5044,-6.4121,NA,Marine Recorder Snapshot extract of surveys entered by NatureScot,OBIS-keyword,NA
-58.2833,56.9167,250,Soviet Antarctic Expedition 1956-1958,OBIS-keyword,NA
54.5578,-0.7795,NA,Marine Recorder Snapshot extract of surveys entered by Natural England,OBIS-keyword,NA
10.872,-74.3259,NA,NA,OBIS-keyword,NA
52.848,2.9923,35,NA,OBIS-keyword,NA
43.6154,-67.6431,NA,USGS Patuxent Wildlife Research Center Seabirds Database,OBIS-keyword,NA
47.663,-122.4513,NA,WADFW PSAMP S1994,OBIS-keyword,NA
-33.9412,151.265,0,NA,OBIS-keyword,NA
-54.459,48.5234,NA,NA,OBIS-keyword,NA
19.2881,166.6663,492,NA,OBIS-keyword,NA
46.1647,-62.3958,NA,NA,OBIS-keyword,NA
-17.4987,-170.0011,86.8,NA,OBIS-keyword,NA
-49.6833,-59.7167,197,Three Decades (1988-2023) of Marine Biodiversity in Falkland Islands Waters: Fisheries‑Linked Species Records from the Southwest Atlantic,OBIS-keyword,NA
8.6714,119.8256,NA,NA,OBIS-keyword,NA
51.231,2.9312,NA,"HG_OOSTENDE - Herring gulls (Larus argentatus, Laridae) breeding at the southern North Sea coast (Belgium)",OBIS-keyword,NA
54.5651,-16.8346,NA,NA,OBIS-keyword,NA
26.0915,-80.112,NA,NA,OBIS-keyword,NA
-31.4976,153.3286,300,NA,OBIS-keyword,NA
33.9893,-119.5649,5.8,PISCO swath transects,OBIS-keyword,NA
-32.567,153.1178,60,NA,OBIS-keyword,NA
-36.3165,150.283,30,NA,OBIS-keyword,NA
-54.4828,116.6919,10,NA,OBIS-keyword,NA
-15.3335,42.4001,NA,NA,OBIS-keyword,NA
35.6898,-73.996,NA,NA,OBIS-keyword,NA
-51.2667,-57.1,141,Three Decades (1988-2023) of Marine Biodiversity in Falkland Islands Waters: Fisheries‑Linked Species Records from the Southwest Atlantic,OBIS-keyword,NA
18.7805,-111.0447,NA,NA,OBIS-keyword,NA
33.767,131.858,0,NA,OBIS-keyword,NA
57.6042,-6.9625,0,Sea Watch Foundation Marine Megafauna Sightings: 1971 to present,OBIS-keyword,NA
-36.7415,175.1818,31,Ministry for Primary Industries Tag Database,OBIS-keyword,NA
49.855,2.8231,NA,"DELTATRACK - Herring gulls (Larus argentatus, Laridae) and lesser black-backed gulls (Larus fuscus, Laridae) breeding at Neeltje Jans (Netherlands)",OBIS-keyword,NA
26.99,-88.5,NA,NA,OBIS-keyword,NA
-3.8578,-32.4521,NA,NA,OBIS-keyword,NA
49.5625,-8.3089,68,DATRAS: ICES Database of trawl surveys,OBIS-keyword,NA
32.3262,-78.2443,NA,USGS Patuxent Wildlife Research Center Seabirds Database,OBIS-keyword,NA
-39.5151,-172.4141,997,NA,OBIS-keyword,NA
50.1373,0.5517,35,Marine Recorder Snapshot extract of surveys entered by The archive for marine species and habitats data (DASSH),OBIS-keyword,NA
60.2566,18.6566,2.6,DOME: Phytobenthos community (macrophytes) data,OBIS-keyword,NA
41.8245,-66.5647,NA,MARITIMES SPRING RESEARCH VESSEL SURVEY,OBIS-keyword,NA
-50.6333,-57.4167,134,Three Decades (1988-2023) of Marine Biodiversity in Falkland Islands Waters: Fisheries‑Linked Species Records from the Southwest Atlantic,OBIS-keyword,NA
18.3967,39.8767,5,NA,OBIS-keyword,NA
-51.6483,-61.9317,166,Three Decades (1988-2023) of Marine Biodiversity in Falkland Islands Waters: Fisheries‑Linked Species Records from the Southwest Atlantic,OBIS-keyword,NA
-42.0167,149.0333,NA,NA,OBIS-keyword,NA
51.0683,-6.155,10,NA,OBIS-keyword,NA
55.4512,5.7083,51.4,NA,OBIS-keyword,NA
52.3274,4.2624,NA,European Seabirds At Sea (ESAS),OBIS-keyword,NA
-52.9353,-59.9013,234,Three Decades (1988-2023) of Marine Biodiversity in Falkland Islands Waters: Fisheries‑Linked Species Records from the Southwest Atlantic,OBIS-keyword,NA
53.825,14.1,1.5,DOME: Phytoplankton community data,OBIS-keyword,NA
64.9725,6.4153,370,Environmental Monitoring database (MOD) DNV,OBIS-keyword,NA
0.1885,-176.4818,12.8,"NOAA Pacific Islands Fisheries Science Center, Ecosystem Sciences Division, National Coral Reef Monitoring Program: Stratified random surveys (StRS) of reef fish in the U.S. Pacific Islands",OBIS-keyword,NA
12.86,47.418,11,NA,OBIS-keyword,NA
11.3267,-74.1378,5,Efecto del polvillo de carbón y los Microplásticos en el desarrollo temprano de organismos arrecifes,OBIS-keyword,NA
55.3347,8.35,1,DOME: Phytoplankton community data,OBIS-keyword,NA
-35.6152,138.5847,NA,NA,OBIS-keyword,NA
51.2123,-4.0465,14.1999998,Marine Recorder Snapshot extract of surveys entered by SeaSearch,OBIS-keyword,NA
21.8086,-160.2873,555,NA,OBIS-keyword,NA
50.29,-1.8567,7.5,NA,OBIS-keyword,NA
51.2317,2.9336,NA,"HG_OOSTENDE - Herring gulls (Larus argentatus, Laridae) breeding at the southern North Sea coast (Belgium)",OBIS-keyword,NA
-35.8322,136.4473,0,NA,OBIS-keyword,NA
49.242,-125.9035,NA,Herring Biosample Database,OBIS-keyword,NA
-0.7541,-90.2868,NA,CAS,OBIS-keyword,NA
48.4935,1.1414,NA,"DELTATRACK - Herring gulls (Larus argentatus, Laridae) and lesser black-backed gulls (Larus fuscus, Laridae) breeding at Neeltje Jans (Netherlands)",OBIS-keyword,NA
50.1083,-61.8249,NA,NA,OBIS-keyword,NA
49.4659,-126.4372,NA,Herring Biosample Database,OBIS-keyword,NA
40.7788,0.7492,0.5,"Phytoplankton abundance and composition  in the Ebro delta embayments (Alfacs Bay and Fangar Bay, North Western Mediterranean) during 1990-2019",OBIS-keyword,NA
-52.15,-63,231,Three Decades (1988-2023) of Marine Biodiversity in Falkland Islands Waters: Fisheries‑Linked Species Records from the Southwest Atlantic,OBIS-keyword,NA
48.1282,-125.0945,314,NA,OBIS-keyword,NA
54.5335,-130.5773,NA,NA,OBIS-keyword,NA
-32,115.4167,30,NA,OBIS-keyword,NA
27.52,-86.97,NA,NA,OBIS-keyword,NA
-55.5058,-170.0026,64.6,NA,OBIS-keyword,NA
57.0517,-12.0967,7.5,NA,OBIS-keyword,NA
44.0764,-5.3859,NA,Observatoire Pelagis aerial surveys 2002-2021,OBIS-keyword,NA
36.6144,-121.965,10.8,NA,OBIS-keyword,NA
-17.4907,-149.8665,3.1999999999999997,NA,OBIS-keyword,NA
66.4,34.35,1250,NA,OBIS-keyword,NA
-52.8167,-58.8167,163,Three Decades (1988-2023) of Marine Biodiversity in Falkland Islands Waters: Fisheries‑Linked Species Records from the Southwest Atlantic,OBIS-keyword,NA
-32,115.4167,40,NA,OBIS-keyword,NA
36.7958,-121.848,NA,NA,OBIS-keyword,NA
36.5601,-121.9473,20.9,PISCO swath transects,OBIS-keyword,NA
55,14.05,48,NA,OBIS-keyword,NA
48.9783,-126.3353,NA,NA,OBIS-keyword,NA
56.645,7.035,7.5,CPR,OBIS-keyword,NA
-35.72,137.97,9,NA,OBIS-keyword,NA
48.7717,-3.9683,1,Long-term monitoring of the phytoplankton at the SOMLIT-Astan Station in the Western English Channel from 2000 to present,OBIS-keyword,NA
-19.41,118.28,68,NA,OBIS-keyword,NA
-36.9985,153.9992,750,NA,OBIS-keyword,NA
53.3604,0.7906,21,RSMP Baseline Dataset,OBIS-keyword,NA
48.2706,-33.7289,NA,EC-CWS Eastern Canada Seabirds at Sea,OBIS-keyword,NA
-52.95,-58.8333,149,Three Decades (1988-2023) of Marine Biodiversity in Falkland Islands Waters: Fisheries‑Linked Species Records from the Southwest Atlantic,OBIS-keyword,NA
51.309,2.602,NA,Macrobenthos monitoring in function of the aggregate extraction activities,OBIS-keyword,NA
56.9333,-14.35,94,"DATRAS: ICES Database of trawl surveys, survey: ROCKALL",OBIS-keyword,NA
52.137,-128.1469,NA,NuSEDS,OBIS-keyword,NA
52.9529,-129.4101,NA,Herring Biosample Database,OBIS-keyword,NA
50.3565,-2.8795,28,DATRAS: ICES Database of trawl surveys,OBIS-keyword,NA
-20.35,115.93,44,NA,OBIS-keyword,NA
43.413,5.1634,NA,"QUADRIGE - Coastal monitoring database and products, 1974 onwards. (6064)",OBIS-keyword,NA
57.0517,9.9437,12,Danish marine benthos monitoring data,OBIS-keyword,NA
24.75,-80.7637,13.4,Florida Keys Reef Visual Census 2009,OBIS-keyword,NA
29.675,-87.6167,NA,NA,OBIS-keyword,NA
74.8023,76.1478,NA,NA,OBIS-keyword,NA
-9.4462,46.211,NA,NA,OBIS-keyword,NA
49.0983,-126.485,NA,NA,OBIS-keyword,NA
62.45,-14.6467,7.5,CPR,OBIS-keyword,NA
49.6984,-54.7185,NA,DFO NE Newfoundland Acoustic Array and Atlantic Cod Tagging,OBIS-keyword,NA
-14.7889,145.3366,5.3,NA,OBIS-keyword,NA
54.1697,-0.086,NA,European Seabirds At Sea (ESAS),OBIS-keyword,NA
23.8496,-166.2973,8,"NOAA Pacific Islands Fisheries Science Center, Ecosystem Science Division Coral Reef Ecosystem Program, Rapid Ecological Assessments of Fish Belt Transect Surveys (BLT) at Coral Reef Sites across the Pacific Ocean from 2000 to 2009",OBIS-keyword,NA
-49.7333,-60.25,160,Three Decades (1988-2023) of Marine Biodiversity in Falkland Islands Waters: Fisheries‑Linked Species Records from the Southwest Atlantic,OBIS-keyword,NA
58.9167,-178.9333,NA,NA,OBIS-keyword,NA
-42.1563,148.2648,5,NA,OBIS-keyword,NA
-35.0213,117.885,0,NA,OBIS-keyword,NA
48.26,-53.41,22,"DFO NL: Cod tagging database in Northwest Atlantic, 1954-1993",OBIS-keyword,NA
65.3696,7.3445,360,Environmental Monitoring database (MOD) DNV,OBIS-keyword,NA
58.4783,-1.4783,7.5,CPR,OBIS-keyword,NA
50.352,-2.4599,27.5,DATRAS: ICES Database of trawl surveys,OBIS-keyword,NA
55.76,-1.032,10,NA,OBIS-keyword,NA
51.7047,2.8136,26.0561959160699,LifeWatch observatory data: permanent Cetacean passive acoustic sensor network in the Belgian Part of the North Sea,OBIS-keyword,NA
49.2281,-124.039,NA,Herring Biosample Database,OBIS-keyword,NA
54.6333,16.8,NA,DOME: Zoobenthos community data,OBIS-keyword,NA
56.2167,-8.3833,125,NA,OBIS-keyword,NA
28.0417,-97.1417,1.8,NA,OBIS-keyword,NA
26.888,-84.666,64,NA,OBIS-keyword,NA
10.989,-74.2898,NA,NA,OBIS-keyword,NA
51.5727,3.5144,NA,"DELTATRACK - Herring gulls (Larus argentatus, Laridae) and lesser black-backed gulls (Larus fuscus, Laridae) breeding at Neeltje Jans (Netherlands)",OBIS-keyword,NA
37.4953,-122.4992,0.25,NA,OBIS-keyword,NA
37.3944,-123.4343,1312,NA,OBIS-keyword,NA
-32,115.4167,10,NA,OBIS-keyword,NA
48.9867,-126.2667,NA,NA,OBIS-keyword,NA
54.4985,13.7385,9,"DATRAS: ICES Database of trawl surveys, survey: BITS",OBIS-keyword,NA
24.5003,-81.6296,2.7,Florida Keys Reef Visual Census 2001,OBIS-keyword,NA
27.53,-82.5,NA,BTSNP Tags and Array- Natal philopatry in blacktip sharks,OBIS-keyword,NA
58.4069,-5.0684,NA,NA,OBIS-keyword,NA
59.5833,27.45,5.5,NA,OBIS-keyword,NA
-45.8833,-60.6667,113,Three Decades (1988-2023) of Marine Biodiversity in Falkland Islands Waters: Fisheries‑Linked Species Records from the Southwest Atlantic,OBIS-keyword,NA
59.4167,-41.6083,7.5,NA,OBIS-keyword,NA
48.059,-122.3873,95,NA,OBIS-keyword,NA
47.9406,-5.7458,67,DATRAS: ICES Database of trawl surveys,OBIS-keyword,NA
54.4964,-130.539,NA,NA,OBIS-keyword,NA
-38.7982,142.8466,8.32,NA,OBIS-keyword,NA
26.4,-83.3667,NA,NA,OBIS-keyword,NA
36.5597,-121.944,5.2,PISCO swath transects,OBIS-keyword,NA
50.773,1.6151,NA,NA,OBIS-keyword,NA
40.7788,0.7492,6,"Phytoplankton abundance and composition  in the Ebro delta embayments (Alfacs Bay and Fangar Bay, North Western Mediterranean) during 1990-2019",OBIS-keyword,NA
-12.7892,136.5024,0,NA,OBIS-keyword,NA
26.7,-77.3,NA,NA,OBIS-keyword,NA
33.8942,-120.1249,20,PISCO fish transects,OBIS-keyword,NA
0.001,-153.6387,40,NA,OBIS-keyword,NA
45.149,-60.0275,NA,MARITIMES SUMMER RESEARCH VESSEL SURVEY,OBIS-keyword,NA
46.5403,-60.2136,NA,OTN VR2W Loan - Emera Snow Crab and American Lobster,OBIS-keyword,NA
-59.5658,84.9503,NA,NA,OBIS-keyword,NA
-65.1607,1.2049,170,NA,OBIS-keyword,NA
48.423,-15.6218,4844,PAP-TRAWL,OBIS-keyword,NA
43.269,-61.0265,NA,MARITIMES SUMMER RESEARCH VESSEL SURVEY,OBIS-keyword,NA
53.41,-3.605,19,NA,OBIS-keyword,NA
38.5,-28.58,NA,NA,OBIS-keyword,NA
45.9425,-60.809,NA,Apoqnmatulti''k - Bras D''Or Lake,OBIS-keyword,NA
51.7587,-130.0633,212.9,Queen Charlotte Sound Synoptic Bottom Trawl Survey,OBIS-keyword,NA
59.8792,-19.565,1862.2,NA,OBIS-keyword,NA
-51.2333,-57.1,125,Three Decades (1988-2023) of Marine Biodiversity in Falkland Islands Waters: Fisheries‑Linked Species Records from the Southwest Atlantic,OBIS-keyword,NA
27.1411,120.4709,NA,HAEDAT,OBIS-keyword,NA
-14.1265,129.5699,0,NA,OBIS-keyword,NA
36.6126,-121.8946,8.8,PISCO swath transects,OBIS-keyword,NA
-65.2607,57.5113,2.5,NA,OBIS-keyword,NA
48.938,-125.7397,91.5,West Coast Vancouver Island Synoptic Bottom Trawl Survey,OBIS-keyword,NA
36.7962,-121.846,NA,NA,OBIS-keyword,NA
-35.1389,150.733,NA,NA,OBIS-keyword,NA
51.2065,2.8493,NA,"HG_OOSTENDE - Herring gulls (Larus argentatus, Laridae) breeding at the southern North Sea coast (Belgium)",OBIS-keyword,NA
-60.8434,-47.5093,NA,NA,OBIS-keyword,NA
23.36,37.2183,5,NA,OBIS-keyword,NA
52.3801,-128.566,NA,Herring Biosample Database,OBIS-keyword,NA
72.4973,14.8458,659.985,imr_fish,OBIS-keyword,NA
53.623,1.213,7.5,CPR,OBIS-keyword,NA
-36.2508,154.2492,110,NA,OBIS-keyword,NA
12.5131,-81.7312,4.5,NA,OBIS-keyword,NA
57.5598,-1.7183,7.5,CPR,OBIS-keyword,NA
-6.9565,-80.7305,NA,Movement patterns of Peruvian Boobies off Isla Lobos de Afuera 2007,OBIS-keyword,NA
39.8524,-73.5992,NA,Digital Aerial Baseline Survey of Marine Wildlife in Support of Offshore Wind Energy - OPA 2016,OBIS-keyword,NA
-39.6367,143.12,NA,NA,OBIS-keyword,NA
60.2162,-3.7786,NA,European Seabirds At Sea (ESAS),OBIS-keyword,NA
29.8497,-86.1086,NA,NA,OBIS-keyword,NA
52.9975,4.7767,NA,NA,OBIS-keyword,NA
51.2859,4.2033,NA,"MEDGULL_ANTWERPEN - Mediterranean gulls (Ichthyaetus melanocephalus, Laridae) breeding near Antwerp (Belgium)",OBIS-keyword,NA
-42.6734,148.0697,NA,NA,OBIS-keyword,NA
-41.7276,-173.9514,7.2,NA,OBIS-keyword,NA
-19.9982,-170.0022,40,NA,OBIS-keyword,NA
-20.01,116.01,60,NA,OBIS-keyword,NA
-27.345,153.562,50,NA,OBIS-keyword,NA
59.4538,22.9522,7.5,DOME: Zooplankton community data,OBIS-keyword,NA
53.8261,-130.8054,73.5,Hecate Strait Synoptic Bottom Trawl Survey,OBIS-keyword,NA
-32.4658,153.3982,750,NA,OBIS-keyword,NA
-52.9708,-59.0683,NA,Three Decades (1988-2023) of Marine Biodiversity in Falkland Islands Waters: Fisheries‑Linked Species Records from the Southwest Atlantic,OBIS-keyword,NA
-34.0333,23.4,NA,NA,OBIS-keyword,NA
-52.335,-57.9433,NA,Three Decades (1988-2023) of Marine Biodiversity in Falkland Islands Waters: Fisheries‑Linked Species Records from the Southwest Atlantic,OBIS-keyword,NA
55.056,11.4838,14,Danish marine benthos monitoring data,OBIS-keyword,NA
39.9279,-71.611,NA,Digital Aerial Baseline Survey of Marine Wildlife in Support of Offshore Wind Energy - OPA 2017,OBIS-keyword,NA
-30.2788,30.759,NA,NA,OBIS-keyword,NA
-52.9,-59.8,190,Three Decades (1988-2023) of Marine Biodiversity in Falkland Islands Waters: Fisheries‑Linked Species Records from the Southwest Atlantic,OBIS-keyword,NA
71.975,18.478,7.5,NA,OBIS-keyword,NA
58.2615,11.3861,14,SHARK - National marine environmental monitoring of Epibenthos in Sweden since 1992,OBIS-keyword,NA
50.083,-0.833,NA,Working Group on North Sea Cod and Plaice Egg Surveys,OBIS-keyword,NA
61.0833,19.58,5,DOME: Phytoplankton community data,OBIS-keyword,NA
46.85,-60.0667,41,"DATRAS: ICES Database of trawl surveys, survey: Can-Mar",OBIS-keyword,NA
68.1622,13.41,NA,NA,OBIS-keyword,NA
51.6302,-124.139,NA,OTN Canada Pacific Sockeye Salmon Tagging Project 2,OBIS-keyword,NA
-33.0474,152.8788,260,NA,OBIS-keyword,NA
74.6034,31.6705,0,NA,OBIS-keyword,NA
-36.8754,-170.5984,1001.6,NA,OBIS-keyword,NA
48.9925,-123.0971,NA,WADFW PSAMP W1997,OBIS-keyword,NA
51.66,-5.54,66,NA,OBIS-keyword,NA
-23.29,151.7,0,NA,OBIS-keyword,NA
-32.7217,133.9688,0,NA,OBIS-keyword,NA
49.537,-55.6004,NA,DFO-NL Atlantic Cod Telemetry,OBIS-keyword,NA
49.8801,-6.2362,69.7799988,Marine Recorder Snapshot extract of surveys entered by Natural England,OBIS-keyword,NA
16.83,-26,NA,NA,OBIS-keyword,NA
20.5,-73.73,22,NA,OBIS-keyword,NA
48,-53,NA,NA,OBIS-keyword,NA
58.4703,-5.0881,NA,Marine Recorder Snapshot extract of surveys entered by JNCC,OBIS-keyword,NA
51.255,-9.798,53,"DATRAS: ICES Database of trawl surveys, survey: IE-IGFS",OBIS-keyword,NA
13.0668,-18.1501,NA,NA,OBIS-keyword,NA
38.6681,118.9063,NA,NA,OBIS-keyword,NA
54.5917,8.3917,1,DOME: Phytoplankton community data,OBIS-keyword,NA
43.4674,8.7697,100,"Plankton community in Bongo net, MOOSE-GE cruises, North-Western Mediterranean Sea",OBIS-keyword,NA
41.9792,-67.644,NA,MARITIMES SPRING RESEARCH VESSEL SURVEY,OBIS-keyword,NA
48.8144,-63.7721,183,NA,OBIS-keyword,NA
51.3293,-129.4206,213,Queen Charlotte Sound Synoptic Bottom Trawl Survey,OBIS-keyword,NA
-25.4917,-170.0022,1900.8,NA,OBIS-keyword,NA
-52.935,-59.065,161,Three Decades (1988-2023) of Marine Biodiversity in Falkland Islands Waters: Fisheries‑Linked Species Records from the Southwest Atlantic,OBIS-keyword,NA
18.3335,-20.1668,NA,NA,OBIS-keyword,NA
56.5392,3.2229,72,Environmental Monitoring database (MOD) DNV,OBIS-keyword,NA
47.8345,-52.7068,NA,EC-CWS Eastern Canada Seabirds at Sea,OBIS-keyword,NA
60.6333,2.5,-9,NA,OBIS-keyword,NA
40.683,-71.35,60,NA,OBIS-keyword,NA
46.2805,-1.1483,NA,NA,OBIS-keyword,NA
52.577,3.9173,27,NA,OBIS-keyword,NA
30.515,-88.0583,NA,SEFSC CAGES Alabama Fish length Data with CPUE,OBIS-keyword,NA
45.2401,-8.9413,7.5,CPR,OBIS-keyword,NA
47.8334,-3.9499,NA,"QUADRIGE - Coastal monitoring database and products, 1974 onwards. (6064)",OBIS-keyword,NA
36.5126,-121.9488,NA,PISCO swath transects,OBIS-keyword,NA
54.4218,10.9851,NA,European Seabirds At Sea (ESAS),OBIS-keyword,NA
-51.2667,-57.8833,70,Three Decades (1988-2023) of Marine Biodiversity in Falkland Islands Waters: Fisheries‑Linked Species Records from the Southwest Atlantic,OBIS-keyword,NA
-52.9507,-59.731,194,Three Decades (1988-2023) of Marine Biodiversity in Falkland Islands Waters: Fisheries‑Linked Species Records from the Southwest Atlantic,OBIS-keyword,NA
22.3648,-159.961,NA,Fin whales localized acoustic detections in Hawaiian waters 2017-2023,OBIS-keyword,NA
30.7925,-88.6972,NA,MMNS,OBIS-keyword,NA
53.351,1.7193,15,DATRAS: ICES Database of trawl surveys,OBIS-keyword,NA
-20.2,36.1833,53,NA,OBIS-keyword,NA
-52.9473,-59.0547,177,Three Decades (1988-2023) of Marine Biodiversity in Falkland Islands Waters: Fisheries‑Linked Species Records from the Southwest Atlantic,OBIS-keyword,NA
59.95,-1.2,NA,European Seabirds At Sea (ESAS),OBIS-keyword,NA
-14.646,145.4536,NA,NA,OBIS-keyword,NA
54.3973,-133.4118,NA,West Coast Haida Gwaii Synoptic Bottom Trawl Survey,OBIS-keyword,NA
54.0627,-130.3833,NA,Herring Biosample Database,OBIS-keyword,NA
42.773,-66.9503,NA,MARITIMES SUMMER RESEARCH VESSEL SURVEY,OBIS-keyword,NA
55.61,4.7117000000000004,7.5,CPR,OBIS-keyword,NA
-6.7333,147.8333,410.5,NA,OBIS-keyword,NA
46.4067,-7.1233,7.5,NA,OBIS-keyword,NA
48.006,-122.5603,NA,WADFW PSAMP W2003,OBIS-keyword,NA
-38.7111,142.8536,12.54,NA,OBIS-keyword,NA
57.6999,-2.1258,11,Marine Recorder Snapshot extract of surveys entered by SeaSearch,OBIS-keyword,NA
14.8042,-60.9341,NA,"QUADRIGE - Coastal monitoring database and products, 1974 onwards. (6064)",OBIS-keyword,NA
-52.6104,48.6389,NA,NA,OBIS-keyword,NA
-77.8028,165.374,NA,NA,OBIS-keyword,NA
49.0467,-4.075,7.5,NA,OBIS-keyword,NA
-27.345,153.562,40,NA,OBIS-keyword,NA
-31.4896,-169.9789,103,NA,OBIS-keyword,NA
-20.7708,158.694,70,NA,OBIS-keyword,NA
26.2583,-97.2992,0.15,NA,OBIS-keyword,NA
51.1874,-4.6616,NA,Marine Recorder Snapshot extract of surveys entered by SeaSearch,OBIS-keyword,NA
57.6257,10.271,4,Danish marine benthos monitoring data,OBIS-keyword,NA
53.0598,-132.6128,NA,West Coast Haida Gwaii Synoptic Bottom Trawl Survey,OBIS-keyword,NA
43.4667,-64.4686,0,Atlantic Reference Centre,OBIS-keyword,NA
-19.3085,147.6184,10,NA,OBIS-keyword,NA
43.9573,-66.5143,26.5,"DATRAS: ICES Database of trawl surveys, survey: Can-Mar",OBIS-keyword,NA
51.5513,2.9256,NA,2010_PHD_REUBENS - Acoustic telemetry data for Atlantic cod (Gadus morhua) in the C-Power wind farm in the southern North Sea (Belgium),OBIS-keyword,NA
-45.5117,-60.5983,114,Three Decades (1988-2023) of Marine Biodiversity in Falkland Islands Waters: Fisheries‑Linked Species Records from the Southwest Atlantic,OBIS-keyword,NA
63.4472,10.9128,NA,OTN Loan - Salmonids in Trondheimsfjorden,OBIS-keyword,NA
42.2227,-124.383,NA,NA,OBIS-keyword,NA
-37.735,142.039,0,NA,OBIS-keyword,NA
52.1479,-128.3085,NA,Herring Biosample Database,OBIS-keyword,NA
19.9983,65.6667,0,NA,OBIS-keyword,NA
-16.0017,-170.0016,2085.8,NA,OBIS-keyword,NA
39.7305,-71.66,NA,Digital Aerial Baseline Survey of Marine Wildlife in Support of Offshore Wind Energy - OPA 2017,OBIS-keyword,NA
60.467,-5.017,NA,JNCC seabird distribution and abundance data (all trips) from ESAS database,OBIS-keyword,NA
58.2583,11.4333,5,SHARK - National marine environmental monitoring of Phytoplankton in Sweden since 1983,OBIS-keyword,NA
48.6107,-123.313,NA,NA,OBIS-keyword,NA
51.335,3.8813,NA,"MEDGULL_ANTWERPEN - Mediterranean gulls (Ichthyaetus melanocephalus, Laridae) breeding near Antwerp (Belgium)",OBIS-keyword,NA
37.8323,-9.0343,NA,"LBBG_ZEEBRUGGE - Lesser black-backed gulls (Larus fuscus, Laridae) breeding at the southern North Sea coast (Belgium and the Netherlands)",OBIS-keyword,NA
-27.345,153.562,10,NA,OBIS-keyword,NA
19,137,0,NA,OBIS-keyword,NA
51.7396,-10.2123,NA,National Monitoring Programme for Phytoplankton Species occurrence in Aquaculture Production Areas,OBIS-keyword,NA
43.7208,-59.2343,NA,MARITIMES SUMMER RESEARCH VESSEL SURVEY,OBIS-keyword,NA
11.3081,-74.1694,NA,NA,OBIS-keyword,NA
51.6049,-5.0013,13.4500003,Marine Recorder Snapshot extract of surveys entered by SeaSearch,OBIS-keyword,NA
48.755,-126.2067,NA,NA,OBIS-keyword,NA
45.9686,-1.2084,NA,"QUADRIGE - Coastal monitoring database and products, 1974 onwards. (6064)",OBIS-keyword,NA
58.7925,17.6869,13.6,SHARK - National marine environmental monitoring of Epibenthos in Sweden since 1992,OBIS-keyword,NA
46.2064,-124.0364,NA,Investigation of Dredged Sediment Deposition Events on Dungeness Crab at the Mouth of the Columbia River,OBIS-keyword,NA
-44.835,-173.1415,484.4,NA,OBIS-keyword,NA
50.46,-52.76,329,"DFO NL: Cod tagging database in Northwest Atlantic, 1954-1993",OBIS-keyword,NA
-22.0018,-169.9999,113.5,NA,OBIS-keyword,NA
24.491,-81.6532,22.3,Florida Keys Reef Visual Census 2007,OBIS-keyword,NA
10.2353,-75.7332,10,NA,OBIS-keyword,NA
38.5448,-29.0558,NA,NA,OBIS-keyword,NA
44.9942,-58.3455,NA,MARITIMES SUMMER RESEARCH VESSEL SURVEY,OBIS-keyword,NA
43.3238,5.0531,NA,"QUADRIGE - Coastal monitoring database and products, 1974 onwards. (6064)",OBIS-keyword,NA
53.3099,-5.1595,127,NA,OBIS-keyword,NA
-35.8322,136.4473,50,NA,OBIS-keyword,NA
45.0064,-66.9268,NA,Quoddy Region Pelagics Telemetry,OBIS-keyword,NA
48.935,-123.352,74,Zooplankton data from central and northern Strait of Georgia,OBIS-keyword,NA
-42.405,169.4167,1,NA,OBIS-keyword,NA
-27.345,153.562,30,NA,OBIS-keyword,NA
55.8444,9.9071,3,Danish marine benthos monitoring data,OBIS-keyword,NA
-3.9948,-168.7518,1000.5,NA,OBIS-keyword,NA
9.8219,-75.8908,10.5,Sistema de Monitoreo de Arrecifes Coralinos - SIMAC 2017,OBIS-keyword,NA
-34.3852,21.4254,NA,NA,OBIS-keyword,NA
-12.5,110,NA,NA,OBIS-keyword,NA
58.75,1.5,109,NA,OBIS-keyword,NA
51.3347,2.615,18.05898729960125,LifeWatch observatory data: permanent Cetacean passive acoustic sensor network in the Belgian Part of the North Sea,OBIS-keyword,NA
36.5597,-121.944,16.7,PISCO swath transects,OBIS-keyword,NA
63.4997,19.8192,9,SHARK - National marine environmental monitoring of zooplankton in Sweden since 1979,OBIS-keyword,NA
55.7244,10.0288,12,Danish marine benthos monitoring data,OBIS-keyword,NA
-29.916,16.88,62.5,NA,OBIS-keyword,NA
-52.315,-62.9133,267,Three Decades (1988-2023) of Marine Biodiversity in Falkland Islands Waters: Fisheries‑Linked Species Records from the Southwest Atlantic,OBIS-keyword,NA
19.8809,-16.2915,NA,NA,OBIS-keyword,NA
-15,-80.98,0,NA,OBIS-keyword,NA
-34.0566,22.2395,NA,NA,OBIS-keyword,NA
48.3333,-5.1667,40,"Plankton community in WP2 net (200µm), PNMIR cruises, Parc Naturel Marin d'Iroise, France",OBIS-keyword,NA
31.06,-80.24,NA,NA,OBIS-keyword,NA
51.6561,-9.7786,NA,National Monitoring Programme for Phytoplankton Species occurrence in Aquaculture Production Areas,OBIS-keyword,NA
21.2527,-110.5862,NA,NA,OBIS-keyword,NA
29.5444,-99.7227,NA,TNHC,OBIS-keyword,NA
50.744,0.5516,0,RSMP Baseline Dataset,OBIS-keyword,NA
58.15,6.75,NA,NA,OBIS-keyword,NA
48.0968,-52.836,NA,DFO-NL Atlantic Cod Telemetry,OBIS-keyword,NA
45.0092,-66.9274,NA,Quoddy Region Pelagics Telemetry,OBIS-keyword,NA
54.3335,6.7777,5,DOME: Phytoplankton community data,OBIS-keyword,NA
-37.9979,144.592,0,NA,OBIS-keyword,NA
51.2756,-129.0419,235.5,Queen Charlotte Sound Synoptic Bottom Trawl Survey,OBIS-keyword,NA
48.7245,-2.9448,NA,"MEDGULL_ANTWERPEN - Mediterranean gulls (Ichthyaetus melanocephalus, Laridae) breeding near Antwerp (Belgium)",OBIS-keyword,NA
54.8,6.6333,42,NA,OBIS-keyword,NA
43.6326,-3.9217,NA,"LBBG_ADULT - Lesser black-backed gulls (Larus fuscus, Laridae) breeding in Belgium",OBIS-keyword,NA
-20.272,148.695,0,NA,OBIS-keyword,NA
34.0085,-119.3882,5.65,PISCO swath transects,OBIS-keyword,NA
40.3607,-3.6249,NA,"DELTATRACK - Herring gulls (Larus argentatus, Laridae) and lesser black-backed gulls (Larus fuscus, Laridae) breeding at Neeltje Jans (Netherlands)",OBIS-keyword,NA
45.008,-66.9313,NA,Quoddy Region Pelagics Telemetry,OBIS-keyword,NA
-49.9667,-58.95,170,Three Decades (1988-2023) of Marine Biodiversity in Falkland Islands Waters: Fisheries‑Linked Species Records from the Southwest Atlantic,OBIS-keyword,NA
58.3833,8.8167,5,NA,OBIS-keyword,NA
35.7709,-122.6917,1669.49,NA,OBIS-keyword,NA
48.7913,-5.804,58.5,DATRAS: ICES Database of trawl surveys,OBIS-keyword,NA
56.6687,12.1112,5,Spatiotemporal Baltic Sea area 16S metabarcoding from three projects performed in 2015-2017 (+storage test 2019),OBIS-keyword,NA
50.0191,-124.9614,NA,NA,OBIS-keyword,NA
57.3667,-13.4333,92.5,"DATRAS: ICES Database of trawl surveys, survey: ROCKALL",OBIS-keyword,NA
56.45,-169.83,NA,NA,OBIS-keyword,NA
51.4065,2.819,19.4190473238627,LifeWatch observatory data: permanent Cetacean passive acoustic sensor network in the Belgian Part of the North Sea,OBIS-keyword,NA
51.6144,-10.4994,NA,European Seabirds At Sea (ESAS),OBIS-keyword,NA
24.6206,-82.9203,8.2,NA,OBIS-keyword,NA
29.885,-117.355,NA,NA,OBIS-keyword,NA
-19.3085,147.6184,0,NA,OBIS-keyword,NA
-21.566,168.25,40,NA,OBIS-keyword,NA
-46.7124,-170.9118,132,NA,OBIS-keyword,NA
57.354,-0.6612,65,NA,OBIS-keyword,NA
-35.0135,-169.9913,965.4,NA,OBIS-keyword,NA
51.7775,1.7818,13,DATRAS: ICES Database of trawl surveys,OBIS-keyword,NA
35.7712,-122.6926,1670,NA,OBIS-keyword,NA
50.7883,-18.9567,7.5,NA,OBIS-keyword,NA
35.0667,-120.8667,NA,NA,OBIS-keyword,NA
58.5925,-4.0097,0,Sea Watch Foundation Marine Megafauna Sightings: 1971 to present,OBIS-keyword,NA
-58.4218,175.238,10,NA,OBIS-keyword,NA
-32.4951,-169.9907,4.9,NA,OBIS-keyword,NA
58.8683,11.1033,5,"SHARK - Regional marine environmental monitoring, recipient control and monitoring projects of Phytoplankton in Sweden since 1985",OBIS-keyword,NA
48.2928,-4.4589,NA,"QUADRIGE - Coastal monitoring database and products, 1974 onwards. (6064)",OBIS-keyword,NA
43.2835,-61.1842,NA,MARITIMES SUMMER RESEARCH VESSEL SURVEY,OBIS-keyword,NA
49.8446,-127.2208,NA,NA,OBIS-keyword,NA
59.8167,1.35,114,NA,OBIS-keyword,NA
50.5467,1.5878,NA,"HG_OOSTENDE - Herring gulls (Larus argentatus, Laridae) breeding at the southern North Sea coast (Belgium)",OBIS-keyword,NA
-14,110.1,100,NA,OBIS-keyword,NA
-38.345,144.332,NA,NA,OBIS-keyword,NA
42.1167,-67.4667,NA,USGS Patuxent Wildlife Research Center Seabirds Database,OBIS-keyword,NA
51.6943,-5.1497,NA,NA,OBIS-keyword,NA
13.79,-116.7,NA,NA,OBIS-keyword,NA
-14.1792,136.22,17.5,NA,OBIS-keyword,NA
-32.3,152.783,120,NA,OBIS-keyword,NA
-63.0492,-62.3643,NA,NA,OBIS-keyword,NA
-35.3172,149.166,0,NA,OBIS-keyword,NA
58.285,11.1761,NA,NA,OBIS-keyword,NA
